2026-05-18 08:30:31,203 [,] [restartedMain] INFO  t.d.DiscoveryServerApplication - Starting DiscoveryServerApplication using Java 21.0.10 with PID 32504 (C:\Users\ASUS\pc_store_microservice\BE\discovery-service\target\classes started by ASUS in C:\Users\ASUS\pc_store_microservice)
2026-05-18 08:30:31,220 [,] [restartedMain] INFO  t.d.DiscoveryServerApplication - No active profile set, falling back to 1 default profile: "default"
2026-05-18 08:30:31,268 [,] [restartedMain] INFO  o.s.b.d.e.DevToolsPropertyDefaultsPostProcessor - Devtools property defaults active! Set 'spring.devtools.add-properties' to 'false' to disable
2026-05-18 08:30:31,268 [,] [restartedMain] INFO  o.s.b.d.e.DevToolsPropertyDefaultsPostProcessor - For additional web related logging consider setting the 'logging.level.web' property to 'DEBUG'
2026-05-18 08:30:32,355 [,] [restartedMain] INFO  o.s.cloud.context.scope.GenericScope - BeanFactory id=ce9a9ae8-4cc8-3e8b-a471-ef72b1960dfa
2026-05-18 08:30:32,412 [,] [restartedMain] WARN  o.s.c.s.PostProcessorRegistrationDelegate$BeanPostProcessorChecker - Bean 'org.springframework.cloud.client.loadbalancer.LoadBalancerAutoConfiguration$DeferringLoadBalancerInterceptorConfig' of type [org.springframework.cloud.client.loadbalancer.LoadBalancerAutoConfiguration$DeferringLoadBalancerInterceptorConfig] is not eligible for getting processed by all BeanPostProcessors (for example: not eligible for auto-proxying). The currently created BeanPostProcessor [lbRestClientPostProcessor] is declared through a non-static factory method on that class; consider declaring it as static instead.
2026-05-18 08:30:32,416 [,] [restartedMain] WARN  o.s.c.s.PostProcessorRegistrationDelegate$BeanPostProcessorChecker - Bean 'deferringLoadBalancerInterceptor' of type [org.springframework.cloud.client.loadbalancer.DeferringLoadBalancerInterceptor] is not eligible for getting processed by all BeanPostProcessors (for example: not eligible for auto-proxying). Is this bean getting eagerly injected/applied to a currently created BeanPostProcessor [lbRestClientPostProcessor]? Check the corresponding BeanPostProcessor declaration and its dependencies/advisors. If this bean does not have to be post-processed, declare it with ROLE_INFRASTRUCTURE.
2026-05-18 08:30:32,784 [,] [restartedMain] INFO  o.s.b.w.e.tomcat.TomcatWebServer - Tomcat initialized with port 6059 (http)
2026-05-18 08:30:32,796 [,] [restartedMain] INFO  o.a.catalina.core.StandardService - Starting service [Tomcat]
2026-05-18 08:30:32,796 [,] [restartedMain] INFO  o.a.catalina.core.StandardEngine - Starting Servlet engine: [Apache Tomcat/10.1.31]
2026-05-18 08:30:32,844 [,] [restartedMain] INFO  o.a.c.c.C.[Tomcat].[localhost].[/] - Initializing Spring embedded WebApplicationContext
2026-05-18 08:30:32,845 [,] [restartedMain] INFO  o.s.b.w.s.c.ServletWebServerApplicationContext - Root WebApplicationContext: initialization completed in 1576 ms
2026-05-18 08:30:34,180 [,] [restartedMain] INFO  c.n.d.p.DiscoveryJerseyProvider - Using JSON encoding codec LegacyJacksonJson
2026-05-18 08:30:34,182 [,] [restartedMain] INFO  c.n.d.p.DiscoveryJerseyProvider - Using JSON decoding codec LegacyJacksonJson
2026-05-18 08:30:34,461 [,] [restartedMain] INFO  c.n.d.p.DiscoveryJerseyProvider - Using XML encoding codec XStreamXml
2026-05-18 08:30:34,461 [,] [restartedMain] INFO  c.n.d.p.DiscoveryJerseyProvider - Using XML decoding codec XStreamXml
2026-05-18 08:30:36,126 [,] [restartedMain] INFO  o.s.b.d.a.OptionalLiveReloadServer - LiveReload server is running on port 35729
2026-05-18 08:30:36,272 [,] [restartedMain] WARN  o.s.c.l.c.LoadBalancerCacheAutoConfiguration$LoadBalancerCaffeineWarnLogger - Spring Cloud LoadBalancer is currently working with the default cache. While this cache implementation is useful for development and tests, it's recommended to use Caffeine cache in production.You can switch to using Caffeine cache, by adding it and org.springframework.cache.caffeine.CaffeineCacheManager to the classpath.
2026-05-18 08:30:36,313 [,] [restartedMain] INFO  o.s.c.n.eureka.InstanceInfoFactory - Setting initial instance status as: STARTING
2026-05-18 08:30:36,354 [,] [restartedMain] INFO  c.netflix.discovery.DiscoveryClient - Initializing Eureka in region us-east-1
2026-05-18 08:30:36,354 [,] [restartedMain] INFO  c.netflix.discovery.DiscoveryClient - Client configured to neither register nor query for data.
2026-05-18 08:30:36,358 [,] [restartedMain] INFO  c.netflix.discovery.DiscoveryClient - Discovery Client initialized at timestamp 1779093036356 with initial instances count: 0
2026-05-18 08:30:36,430 [,] [restartedMain] INFO  c.n.e.DefaultEurekaServerContext - Initializing ...
2026-05-18 08:30:36,433 [,] [restartedMain] WARN  c.n.eureka.cluster.PeerEurekaNodes - The replica size seems to be empty. Check the route 53 DNS Registry
2026-05-18 08:30:36,449 [,] [restartedMain] INFO  c.n.e.r.AbstractInstanceRegistry - Finished initializing remote region registries. All known remote regions: []
2026-05-18 08:30:36,450 [,] [restartedMain] INFO  c.n.e.DefaultEurekaServerContext - Initialized
2026-05-18 08:30:36,467 [,] [restartedMain] INFO  o.s.b.a.e.web.EndpointLinksResolver - Exposing 1 endpoint beneath base path '/actuator'
2026-05-18 08:30:36,535 [,] [restartedMain] INFO  o.s.c.n.e.s.EurekaServiceRegistry - Registering application DISCOVERY-SERVICE with eureka with status UP
2026-05-18 08:30:36,549 [,] [Thread-15] INFO  o.s.c.n.e.s.EurekaServerBootstrap - isAws returned false
2026-05-18 08:30:36,550 [,] [Thread-15] INFO  o.s.c.n.e.s.EurekaServerBootstrap - Initialized server context
2026-05-18 08:30:36,550 [,] [Thread-15] INFO  c.n.e.r.PeerAwareInstanceRegistryImpl - Got 1 instances from neighboring DS node
2026-05-18 08:30:36,550 [,] [Thread-15] INFO  c.n.e.r.PeerAwareInstanceRegistryImpl - Renew threshold is: 1
2026-05-18 08:30:36,551 [,] [Thread-15] INFO  c.n.e.r.PeerAwareInstanceRegistryImpl - Changing status to UP
2026-05-18 08:30:36,554 [,] [Thread-15] INFO  o.s.c.n.e.s.EurekaServerInitializerConfiguration - Started Eureka Server
2026-05-18 08:30:36,563 [,] [restartedMain] INFO  o.s.b.w.e.tomcat.TomcatWebServer - Tomcat started on port 6059 (http) with context path '/'
2026-05-18 08:30:36,565 [,] [restartedMain] INFO  o.s.c.n.e.s.EurekaAutoServiceRegistration - Updating port to 6059
2026-05-18 08:30:36,597 [,] [restartedMain] INFO  t.d.DiscoveryServerApplication - Started DiscoveryServerApplication in 5.884 seconds (process running for 6.507)
2026-05-18 08:30:38,429 [,] [http-nio-6059-exec-1] INFO  o.a.c.c.C.[Tomcat].[localhost].[/] - Initializing Spring DispatcherServlet 'dispatcherServlet'
2026-05-18 08:30:38,429 [,] [http-nio-6059-exec-1] INFO  o.s.web.servlet.DispatcherServlet - Initializing Servlet 'dispatcherServlet'
2026-05-18 08:30:38,432 [,] [http-nio-6059-exec-1] INFO  o.s.web.servlet.DispatcherServlet - Completed initialization in 3 ms
2026-05-18 08:30:38,977 [,] [http-nio-6059-exec-2] INFO  c.n.e.r.AbstractInstanceRegistry - Registered instance API-GATEWAY/LAPTOP-U7LUUEEE.mshome.net:api-gateway:6060 with status UP (replication=false)
2026-05-18 08:31:00,267 [,] [http-nio-6059-exec-5] INFO  c.n.e.r.AbstractInstanceRegistry - Registered instance IDENTITY-SERVICE/LAPTOP-U7LUUEEE.mshome.net:identity-service:6062 with status UP (replication=false)
2026-05-18 08:31:00,272 [,] [http-nio-6059-exec-6] INFO  c.n.e.r.AbstractInstanceRegistry - Registered instance PRODUCT-SERVICE/LAPTOP-U7LUUEEE.mshome.net:product-service:6067 with status UP (replication=false)
2026-05-18 08:31:01,464 [,] [http-nio-6059-exec-8] INFO  c.n.e.r.AbstractInstanceRegistry - Registered instance USER-SERVICE/LAPTOP-U7LUUEEE.mshome.net:user-service:6063 with status UP (replication=false)
2026-05-18 08:31:02,040 [,] [http-nio-6059-exec-10] INFO  c.n.e.r.AbstractInstanceRegistry - Registered instance NOTIFICATION-SERVICE/LAPTOP-U7LUUEEE.mshome.net:notification-service:6068 with status UP (replication=false)
2026-05-18 08:31:02,227 [,] [http-nio-6059-exec-2] INFO  c.n.e.r.AbstractInstanceRegistry - Registered instance ORDER-SERVICE/LAPTOP-U7LUUEEE.mshome.net:order-service:6065 with status UP (replication=false)
2026-05-18 08:31:36,560 [,] [Eureka-EvictionTimer] INFO  c.n.e.r.AbstractInstanceRegistry - Running the evict task with compensationTime 0ms
2026-05-18 08:32:36,559 [,] [Eureka-EvictionTimer] INFO  c.n.e.r.AbstractInstanceRegistry - Running the evict task with compensationTime 0ms
2026-05-18 08:33:36,565 [,] [Eureka-EvictionTimer] INFO  c.n.e.r.AbstractInstanceRegistry - Running the evict task with compensationTime 6ms
2026-05-18 08:34:36,579 [,] [Eureka-EvictionTimer] INFO  c.n.e.r.AbstractInstanceRegistry - Running the evict task with compensationTime 13ms
2026-05-18 08:35:36,586 [,] [Eureka-EvictionTimer] INFO  c.n.e.r.AbstractInstanceRegistry - Running the evict task with compensationTime 6ms
2026-05-18 08:36:36,588 [,] [Eureka-EvictionTimer] INFO  c.n.e.r.AbstractInstanceRegistry - Running the evict task with compensationTime 2ms
2026-05-18 08:37:36,598 [,] [Eureka-EvictionTimer] INFO  c.n.e.r.AbstractInstanceRegistry - Running the evict task with compensationTime 9ms
2026-05-18 08:38:36,613 [,] [Eureka-EvictionTimer] INFO  c.n.e.r.AbstractInstanceRegistry - Running the evict task with compensationTime 15ms
2026-05-18 08:39:36,619 [,] [Eureka-EvictionTimer] INFO  c.n.e.r.AbstractInstanceRegistry - Running the evict task with compensationTime 6ms
2026-05-18 08:40:36,454 [,] [Eureka-PeerNodesUpdater] WARN  c.n.eureka.cluster.PeerEurekaNodes - The replica size seems to be empty. Check the route 53 DNS Registry
2026-05-18 08:40:36,634 [,] [Eureka-EvictionTimer] INFO  c.n.e.r.AbstractInstanceRegistry - Running the evict task with compensationTime 13ms
2026-05-18 08:41:36,634 [,] [Eureka-EvictionTimer] INFO  c.n.e.r.AbstractInstanceRegistry - Running the evict task with compensationTime 0ms
2026-05-18 08:42:36,634 [,] [Eureka-EvictionTimer] INFO  c.n.e.r.AbstractInstanceRegistry - Running the evict task with compensationTime 0ms
2026-05-18 08:43:36,635 [,] [Eureka-EvictionTimer] INFO  c.n.e.r.AbstractInstanceRegistry - Running the evict task with compensationTime 1ms
2026-05-18 08:44:36,650 [,] [Eureka-EvictionTimer] INFO  c.n.e.r.AbstractInstanceRegistry - Running the evict task with compensationTime 15ms
2026-05-18 08:45:05,199 [,] [http-nio-6059-exec-8] INFO  c.n.e.r.AbstractInstanceRegistry - Registered instance API-GATEWAY/LAPTOP-U7LUUEEE.mshome.net:api-gateway:6060 with status DOWN (replication=false)
2026-05-18 08:45:07,465 [,] [File Watcher] INFO  o.s.b.d.a.LocalDevToolsAutoConfiguration$RestartingClassPathChangeChangedEventListener - Restarting due to 2 class path changes (0 additions, 0 deletions, 2 modifications)
2026-05-18 08:45:07,519 [,] [Thread-7] INFO  o.s.c.n.e.s.EurekaServiceRegistry - Unregistering application DISCOVERY-SERVICE with eureka with status DOWN
2026-05-18 08:45:07,608 [,] [Thread-7] INFO  o.s.c.n.e.s.EurekaServerBootstrap - Shutting down Eureka Server..
2026-05-18 08:45:07,609 [,] [Thread-7] INFO  c.n.e.DefaultEurekaServerContext - Shutting down ...
2026-05-18 08:45:07,610 [,] [Thread-7] INFO  c.n.e.DefaultEurekaServerContext - Shut down
2026-05-18 08:45:07,610 [,] [Thread-7] INFO  o.s.c.n.e.s.EurekaServerBootstrap - Eureka Service is now shutdown...
2026-05-18 08:45:07,617 [,] [Thread-7] INFO  c.n.e.DefaultEurekaServerContext - Shutting down ...
2026-05-18 08:45:07,617 [,] [Thread-7] INFO  c.n.e.DefaultEurekaServerContext - Shut down
2026-05-18 08:45:07,642 [,] [Thread-7] INFO  c.netflix.discovery.DiscoveryClient - Shutting down DiscoveryClient ...
2026-05-18 08:45:07,644 [,] [Thread-7] INFO  c.netflix.discovery.DiscoveryClient - Completed shut down of DiscoveryClient
2026-05-18 08:45:08,293 [,] [restartedMain] INFO  t.d.DiscoveryServerApplication - Starting DiscoveryServerApplication using Java 21.0.10 with PID 32504 (C:\Users\ASUS\pc_store_microservice\BE\discovery-service\target\classes started by ASUS in C:\Users\ASUS\pc_store_microservice)
2026-05-18 08:45:08,294 [,] [restartedMain] INFO  t.d.DiscoveryServerApplication - No active profile set, falling back to 1 default profile: "default"
2026-05-18 08:45:11,139 [,] [restartedMain] INFO  o.s.cloud.context.scope.GenericScope - BeanFactory id=ce9a9ae8-4cc8-3e8b-a471-ef72b1960dfa
2026-05-18 08:45:11,197 [,] [restartedMain] WARN  o.s.c.s.PostProcessorRegistrationDelegate$BeanPostProcessorChecker - Bean 'org.springframework.cloud.client.loadbalancer.LoadBalancerAutoConfiguration$DeferringLoadBalancerInterceptorConfig' of type [org.springframework.cloud.client.loadbalancer.LoadBalancerAutoConfiguration$DeferringLoadBalancerInterceptorConfig] is not eligible for getting processed by all BeanPostProcessors (for example: not eligible for auto-proxying). The currently created BeanPostProcessor [lbRestClientPostProcessor] is declared through a non-static factory method on that class; consider declaring it as static instead.
2026-05-18 08:45:11,198 [,] [restartedMain] WARN  o.s.c.s.PostProcessorRegistrationDelegate$BeanPostProcessorChecker - Bean 'deferringLoadBalancerInterceptor' of type [org.springframework.cloud.client.loadbalancer.DeferringLoadBalancerInterceptor] is not eligible for getting processed by all BeanPostProcessors (for example: not eligible for auto-proxying). Is this bean getting eagerly injected/applied to a currently created BeanPostProcessor [lbRestClientPostProcessor]? Check the corresponding BeanPostProcessor declaration and its dependencies/advisors. If this bean does not have to be post-processed, declare it with ROLE_INFRASTRUCTURE.
2026-05-18 08:45:11,378 [,] [restartedMain] INFO  o.s.b.w.e.tomcat.TomcatWebServer - Tomcat initialized with port 6059 (http)
2026-05-18 08:45:11,385 [,] [restartedMain] INFO  o.a.catalina.core.StandardService - Starting service [Tomcat]
2026-05-18 08:45:11,390 [,] [restartedMain] INFO  o.a.catalina.core.StandardEngine - Starting Servlet engine: [Apache Tomcat/10.1.31]
2026-05-18 08:45:11,604 [,] [restartedMain] INFO  o.a.c.c.C.[Tomcat].[localhost].[/] - Initializing Spring embedded WebApplicationContext
2026-05-18 08:45:11,605 [,] [restartedMain] INFO  o.s.b.w.s.c.ServletWebServerApplicationContext - Root WebApplicationContext: initialization completed in 3304 ms
2026-05-18 08:45:12,499 [,] [restartedMain] INFO  c.n.d.p.DiscoveryJerseyProvider - Using JSON encoding codec LegacyJacksonJson
2026-05-18 08:45:12,499 [,] [restartedMain] INFO  c.n.d.p.DiscoveryJerseyProvider - Using JSON decoding codec LegacyJacksonJson
2026-05-18 08:45:12,499 [,] [restartedMain] INFO  c.n.d.p.DiscoveryJerseyProvider - Using XML encoding codec XStreamXml
2026-05-18 08:45:12,499 [,] [restartedMain] INFO  c.n.d.p.DiscoveryJerseyProvider - Using XML decoding codec XStreamXml
2026-05-18 08:45:14,574 [,] [restartedMain] INFO  o.s.b.d.a.OptionalLiveReloadServer - LiveReload server is running on port 35729
2026-05-18 08:45:14,664 [,] [restartedMain] WARN  o.s.c.l.c.LoadBalancerCacheAutoConfiguration$LoadBalancerCaffeineWarnLogger - Spring Cloud LoadBalancer is currently working with the default cache. While this cache implementation is useful for development and tests, it's recommended to use Caffeine cache in production.You can switch to using Caffeine cache, by adding it and org.springframework.cache.caffeine.CaffeineCacheManager to the classpath.
2026-05-18 08:45:14,676 [,] [restartedMain] INFO  o.s.c.n.eureka.InstanceInfoFactory - Setting initial instance status as: STARTING
2026-05-18 08:45:14,677 [,] [restartedMain] INFO  c.netflix.discovery.DiscoveryClient - Initializing Eureka in region us-east-1
2026-05-18 08:45:14,677 [,] [restartedMain] INFO  c.netflix.discovery.DiscoveryClient - Client configured to neither register nor query for data.
2026-05-18 08:45:14,677 [,] [restartedMain] INFO  c.netflix.discovery.DiscoveryClient - Discovery Client initialized at timestamp 1779093914677 with initial instances count: 0
2026-05-18 08:45:14,693 [,] [restartedMain] INFO  c.n.e.DefaultEurekaServerContext - Initializing ...
2026-05-18 08:45:14,693 [,] [restartedMain] WARN  c.n.eureka.cluster.PeerEurekaNodes - The replica size seems to be empty. Check the route 53 DNS Registry
2026-05-18 08:45:14,694 [,] [restartedMain] INFO  c.n.e.r.AbstractInstanceRegistry - Finished initializing remote region registries. All known remote regions: []
2026-05-18 08:45:14,694 [,] [restartedMain] INFO  c.n.e.DefaultEurekaServerContext - Initialized
2026-05-18 08:45:14,720 [,] [restartedMain] INFO  o.s.b.a.e.web.EndpointLinksResolver - Exposing 1 endpoint beneath base path '/actuator'
2026-05-18 08:45:14,813 [,] [restartedMain] INFO  o.s.c.n.e.s.EurekaServiceRegistry - Registering application DISCOVERY-SERVICE with eureka with status UP
2026-05-18 08:45:14,831 [,] [Thread-28] INFO  o.s.c.n.e.s.EurekaServerBootstrap - isAws returned false
2026-05-18 08:45:14,831 [,] [Thread-28] INFO  o.s.c.n.e.s.EurekaServerBootstrap - Initialized server context
2026-05-18 08:45:14,831 [,] [Thread-28] INFO  c.n.e.r.PeerAwareInstanceRegistryImpl - Got 1 instances from neighboring DS node
2026-05-18 08:45:14,831 [,] [Thread-28] INFO  c.n.e.r.PeerAwareInstanceRegistryImpl - Renew threshold is: 1
2026-05-18 08:45:14,831 [,] [Thread-28] INFO  c.n.e.r.PeerAwareInstanceRegistryImpl - Changing status to UP
2026-05-18 08:45:14,832 [,] [Thread-28] INFO  o.s.c.n.e.s.EurekaServerInitializerConfiguration - Started Eureka Server
2026-05-18 08:45:14,844 [,] [restartedMain] INFO  o.s.b.w.e.tomcat.TomcatWebServer - Tomcat started on port 6059 (http) with context path '/'
2026-05-18 08:45:14,850 [,] [restartedMain] INFO  o.s.c.n.e.s.EurekaAutoServiceRegistration - Updating port to 6059
2026-05-18 08:45:14,930 [,] [restartedMain] INFO  t.d.DiscoveryServerApplication - Started DiscoveryServerApplication in 6.857 seconds (process running for 884.84)
2026-05-18 08:45:14,936 [,] [restartedMain] INFO  o.s.b.d.a.ConditionEvaluationDeltaLoggingListener - Condition evaluation unchanged
2026-05-18 08:45:15,476 [,] [http-nio-6059-exec-1] INFO  o.a.c.c.C.[Tomcat].[localhost].[/] - Initializing Spring DispatcherServlet 'dispatcherServlet'
2026-05-18 08:45:15,477 [,] [http-nio-6059-exec-1] INFO  o.s.web.servlet.DispatcherServlet - Initializing Servlet 'dispatcherServlet'
2026-05-18 08:45:15,478 [,] [http-nio-6059-exec-1] INFO  o.s.web.servlet.DispatcherServlet - Completed initialization in 1 ms
2026-05-18 08:45:15,541 [,] [http-nio-6059-exec-2] INFO  c.n.e.r.AbstractInstanceRegistry - Registered instance API-GATEWAY/LAPTOP-U7LUUEEE.mshome.net:api-gateway:6060 with status UP (replication=false)
2026-05-18 08:45:16,015 [,] [http-nio-6059-exec-3] INFO  c.n.e.r.AbstractInstanceRegistry - Registered instance NOTIFICATION-SERVICE/LAPTOP-U7LUUEEE.mshome.net:notification-service:6068 with status DOWN (replication=false)
2026-05-18 08:45:16,241 [,] [http-nio-6059-exec-6] INFO  c.n.e.r.AbstractInstanceRegistry - Registered instance ORDER-SERVICE/LAPTOP-U7LUUEEE.mshome.net:order-service:6065 with status DOWN (replication=false)
2026-05-18 08:45:16,314 [,] [http-nio-6059-exec-5] INFO  c.n.e.r.AbstractInstanceRegistry - Registered instance PRODUCT-SERVICE/LAPTOP-U7LUUEEE.mshome.net:product-service:6067 with status DOWN (replication=false)
2026-05-18 08:45:16,417 [,] [http-nio-6059-exec-4] INFO  c.n.e.r.AbstractInstanceRegistry - Registered instance USER-SERVICE/LAPTOP-U7LUUEEE.mshome.net:user-service:6063 with status DOWN (replication=false)
2026-05-18 08:45:19,505 [,] [http-nio-6059-exec-7] INFO  c.n.e.r.AbstractInstanceRegistry - Cancelled instance ORDER-SERVICE/LAPTOP-U7LUUEEE.mshome.net:order-service:6065 (replication=false)
2026-05-18 08:45:19,778 [,] [http-nio-6059-exec-9] INFO  c.n.e.r.AbstractInstanceRegistry - Cancelled instance PRODUCT-SERVICE/LAPTOP-U7LUUEEE.mshome.net:product-service:6067 (replication=false)
2026-05-18 08:45:20,351 [,] [http-nio-6059-exec-1] INFO  c.n.e.r.AbstractInstanceRegistry - Cancelled instance USER-SERVICE/LAPTOP-U7LUUEEE.mshome.net:user-service:6063 (replication=false)
2026-05-18 08:45:20,521 [,] [http-nio-6059-exec-2] INFO  c.n.e.r.AbstractInstanceRegistry - Cancelled instance NOTIFICATION-SERVICE/LAPTOP-U7LUUEEE.mshome.net:notification-service:6068 (replication=false)
2026-05-18 08:45:31,419 [,] [http-nio-6059-exec-7] WARN  c.n.e.r.AbstractInstanceRegistry - DS: Registry: lease doesn't exist, registering resource: IDENTITY-SERVICE - LAPTOP-U7LUUEEE.mshome.net:identity-service:6062
2026-05-18 08:45:31,419 [,] [http-nio-6059-exec-7] WARN  c.n.e.resources.InstanceResource - Not Found (Renew): IDENTITY-SERVICE - LAPTOP-U7LUUEEE.mshome.net:identity-service:6062
2026-05-18 08:45:31,572 [,] [http-nio-6059-exec-8] INFO  c.n.e.r.AbstractInstanceRegistry - Registered instance IDENTITY-SERVICE/LAPTOP-U7LUUEEE.mshome.net:identity-service:6062 with status UP (replication=false)
2026-05-18 08:45:33,554 [,] [http-nio-6059-exec-1] INFO  c.n.e.r.AbstractInstanceRegistry - Registered instance ORDER-SERVICE/LAPTOP-U7LUUEEE.mshome.net:order-service:6065 with status UP (replication=false)
2026-05-18 08:45:33,582 [,] [http-nio-6059-exec-2] INFO  c.n.e.r.AbstractInstanceRegistry - Registered instance NOTIFICATION-SERVICE/LAPTOP-U7LUUEEE.mshome.net:notification-service:6068 with status UP (replication=false)
2026-05-18 08:45:34,345 [,] [http-nio-6059-exec-6] INFO  c.n.e.r.AbstractInstanceRegistry - Registered instance USER-SERVICE/LAPTOP-U7LUUEEE.mshome.net:user-service:6063 with status UP (replication=false)
2026-05-18 08:45:35,146 [,] [http-nio-6059-exec-4] INFO  c.n.e.r.AbstractInstanceRegistry - Registered instance PRODUCT-SERVICE/LAPTOP-U7LUUEEE.mshome.net:product-service:6067 with status UP (replication=false)
2026-05-18 08:45:38,157 [,] [http-nio-6059-exec-8] INFO  c.n.e.r.AbstractInstanceRegistry - Registered instance USER-SERVICE/LAPTOP-U7LUUEEE.mshome.net:user-service:6063 with status DOWN (replication=false)
2026-05-18 08:45:38,156 [,] [http-nio-6059-exec-7] INFO  c.n.e.r.AbstractInstanceRegistry - Registered instance NOTIFICATION-SERVICE/LAPTOP-U7LUUEEE.mshome.net:notification-service:6068 with status DOWN (replication=false)
2026-05-18 08:45:38,187 [,] [http-nio-6059-exec-9] INFO  c.n.e.r.AbstractInstanceRegistry - Registered instance PRODUCT-SERVICE/LAPTOP-U7LUUEEE.mshome.net:product-service:6067 with status DOWN (replication=false)
2026-05-18 08:45:39,707 [,] [http-nio-6059-exec-10] INFO  c.n.e.r.AbstractInstanceRegistry - Registered instance ORDER-SERVICE/LAPTOP-U7LUUEEE.mshome.net:order-service:6065 with status DOWN (replication=false)
2026-05-18 08:45:41,601 [,] [http-nio-6059-exec-1] INFO  c.n.e.r.AbstractInstanceRegistry - Cancelled instance NOTIFICATION-SERVICE/LAPTOP-U7LUUEEE.mshome.net:notification-service:6068 (replication=false)
2026-05-18 08:45:41,820 [,] [http-nio-6059-exec-6] INFO  c.n.e.r.AbstractInstanceRegistry - Cancelled instance PRODUCT-SERVICE/LAPTOP-U7LUUEEE.mshome.net:product-service:6067 (replication=false)
2026-05-18 08:45:41,957 [,] [http-nio-6059-exec-8] INFO  c.n.e.r.AbstractInstanceRegistry - Cancelled instance USER-SERVICE/LAPTOP-U7LUUEEE.mshome.net:user-service:6063 (replication=false)
2026-05-18 08:45:42,761 [,] [http-nio-6059-exec-10] INFO  c.n.e.r.AbstractInstanceRegistry - Cancelled instance ORDER-SERVICE/LAPTOP-U7LUUEEE.mshome.net:order-service:6065 (replication=false)
2026-05-18 08:45:43,578 [,] [SpringApplicationShutdownHook] INFO  o.s.c.n.e.s.EurekaServiceRegistry - Unregistering application DISCOVERY-SERVICE with eureka with status DOWN
2026-05-18 08:45:43,601 [,] [SpringApplicationShutdownHook] INFO  o.s.c.n.e.s.EurekaServerBootstrap - Shutting down Eureka Server..
2026-05-18 08:45:43,601 [,] [SpringApplicationShutdownHook] INFO  c.n.e.DefaultEurekaServerContext - Shutting down ...
2026-05-18 08:45:43,601 [,] [SpringApplicationShutdownHook] INFO  c.n.e.DefaultEurekaServerContext - Shut down
2026-05-18 08:45:43,601 [,] [SpringApplicationShutdownHook] INFO  o.s.c.n.e.s.EurekaServerBootstrap - Eureka Service is now shutdown...
2026-05-18 08:45:43,602 [,] [SpringApplicationShutdownHook] INFO  c.n.e.DefaultEurekaServerContext - Shutting down ...
2026-05-18 08:45:43,602 [,] [SpringApplicationShutdownHook] INFO  c.n.e.DefaultEurekaServerContext - Shut down
2026-05-18 08:45:43,606 [,] [SpringApplicationShutdownHook] INFO  c.netflix.discovery.DiscoveryClient - Shutting down DiscoveryClient ...
2026-05-18 08:45:43,606 [,] [SpringApplicationShutdownHook] INFO  c.netflix.discovery.DiscoveryClient - Completed shut down of DiscoveryClient
2026-05-18 08:45:48,924 [,] [restartedMain] INFO  t.d.DiscoveryServerApplication - Starting DiscoveryServerApplication using Java 21.0.10 with PID 31864 (C:\Users\ASUS\pc_store_microservice\BE\discovery-service\target\classes started by ASUS in C:\Users\ASUS\pc_store_microservice)
2026-05-18 08:45:48,927 [,] [restartedMain] INFO  t.d.DiscoveryServerApplication - No active profile set, falling back to 1 default profile: "default"
2026-05-18 08:45:48,967 [,] [restartedMain] INFO  o.s.b.d.e.DevToolsPropertyDefaultsPostProcessor - Devtools property defaults active! Set 'spring.devtools.add-properties' to 'false' to disable
2026-05-18 08:45:48,967 [,] [restartedMain] INFO  o.s.b.d.e.DevToolsPropertyDefaultsPostProcessor - For additional web related logging consider setting the 'logging.level.web' property to 'DEBUG'
2026-05-18 08:45:50,277 [,] [restartedMain] INFO  o.s.cloud.context.scope.GenericScope - BeanFactory id=ce9a9ae8-4cc8-3e8b-a471-ef72b1960dfa
2026-05-18 08:45:50,360 [,] [restartedMain] WARN  o.s.c.s.PostProcessorRegistrationDelegate$BeanPostProcessorChecker - Bean 'org.springframework.cloud.client.loadbalancer.LoadBalancerAutoConfiguration$DeferringLoadBalancerInterceptorConfig' of type [org.springframework.cloud.client.loadbalancer.LoadBalancerAutoConfiguration$DeferringLoadBalancerInterceptorConfig] is not eligible for getting processed by all BeanPostProcessors (for example: not eligible for auto-proxying). The currently created BeanPostProcessor [lbRestClientPostProcessor] is declared through a non-static factory method on that class; consider declaring it as static instead.
2026-05-18 08:45:50,362 [,] [restartedMain] WARN  o.s.c.s.PostProcessorRegistrationDelegate$BeanPostProcessorChecker - Bean 'deferringLoadBalancerInterceptor' of type [org.springframework.cloud.client.loadbalancer.DeferringLoadBalancerInterceptor] is not eligible for getting processed by all BeanPostProcessors (for example: not eligible for auto-proxying). Is this bean getting eagerly injected/applied to a currently created BeanPostProcessor [lbRestClientPostProcessor]? Check the corresponding BeanPostProcessor declaration and its dependencies/advisors. If this bean does not have to be post-processed, declare it with ROLE_INFRASTRUCTURE.
2026-05-18 08:45:50,822 [,] [restartedMain] INFO  o.s.b.w.e.tomcat.TomcatWebServer - Tomcat initialized with port 6059 (http)
2026-05-18 08:45:50,842 [,] [restartedMain] INFO  o.a.catalina.core.StandardService - Starting service [Tomcat]
2026-05-18 08:45:50,844 [,] [restartedMain] INFO  o.a.catalina.core.StandardEngine - Starting Servlet engine: [Apache Tomcat/10.1.31]
2026-05-18 08:45:51,359 [,] [restartedMain] INFO  o.a.c.c.C.[Tomcat].[localhost].[/] - Initializing Spring embedded WebApplicationContext
2026-05-18 08:45:51,360 [,] [restartedMain] INFO  o.s.b.w.s.c.ServletWebServerApplicationContext - Root WebApplicationContext: initialization completed in 2393 ms
2026-05-18 08:45:53,336 [,] [restartedMain] INFO  c.n.d.p.DiscoveryJerseyProvider - Using JSON encoding codec LegacyJacksonJson
2026-05-18 08:45:53,338 [,] [restartedMain] INFO  c.n.d.p.DiscoveryJerseyProvider - Using JSON decoding codec LegacyJacksonJson
2026-05-18 08:45:53,661 [,] [restartedMain] INFO  c.n.d.p.DiscoveryJerseyProvider - Using XML encoding codec XStreamXml
2026-05-18 08:45:53,662 [,] [restartedMain] INFO  c.n.d.p.DiscoveryJerseyProvider - Using XML decoding codec XStreamXml
2026-05-18 08:45:55,506 [,] [restartedMain] INFO  o.s.b.d.a.OptionalLiveReloadServer - LiveReload server is running on port 35729
2026-05-18 08:45:55,650 [,] [restartedMain] WARN  o.s.c.l.c.LoadBalancerCacheAutoConfiguration$LoadBalancerCaffeineWarnLogger - Spring Cloud LoadBalancer is currently working with the default cache. While this cache implementation is useful for development and tests, it's recommended to use Caffeine cache in production.You can switch to using Caffeine cache, by adding it and org.springframework.cache.caffeine.CaffeineCacheManager to the classpath.
2026-05-18 08:45:55,701 [,] [restartedMain] INFO  o.s.c.n.eureka.InstanceInfoFactory - Setting initial instance status as: STARTING
2026-05-18 08:45:55,745 [,] [restartedMain] INFO  c.netflix.discovery.DiscoveryClient - Initializing Eureka in region us-east-1
2026-05-18 08:45:55,747 [,] [restartedMain] INFO  c.netflix.discovery.DiscoveryClient - Client configured to neither register nor query for data.
2026-05-18 08:45:55,750 [,] [restartedMain] INFO  c.netflix.discovery.DiscoveryClient - Discovery Client initialized at timestamp 1779093955748 with initial instances count: 0
2026-05-18 08:45:55,852 [,] [restartedMain] INFO  c.n.e.DefaultEurekaServerContext - Initializing ...
2026-05-18 08:45:55,856 [,] [restartedMain] WARN  c.n.eureka.cluster.PeerEurekaNodes - The replica size seems to be empty. Check the route 53 DNS Registry
2026-05-18 08:45:55,885 [,] [restartedMain] INFO  c.n.e.r.AbstractInstanceRegistry - Finished initializing remote region registries. All known remote regions: []
2026-05-18 08:45:55,886 [,] [restartedMain] INFO  c.n.e.DefaultEurekaServerContext - Initialized
2026-05-18 08:45:55,930 [,] [restartedMain] INFO  o.s.b.a.e.web.EndpointLinksResolver - Exposing 1 endpoint beneath base path '/actuator'
2026-05-18 08:45:56,069 [,] [restartedMain] INFO  o.s.c.n.e.s.EurekaServiceRegistry - Registering application DISCOVERY-SERVICE with eureka with status UP
2026-05-18 08:45:56,101 [,] [Thread-15] INFO  o.s.c.n.e.s.EurekaServerBootstrap - isAws returned false
2026-05-18 08:45:56,103 [,] [Thread-15] INFO  o.s.c.n.e.s.EurekaServerBootstrap - Initialized server context
2026-05-18 08:45:56,104 [,] [Thread-15] INFO  c.n.e.r.PeerAwareInstanceRegistryImpl - Got 1 instances from neighboring DS node
2026-05-18 08:45:56,105 [,] [Thread-15] INFO  c.n.e.r.PeerAwareInstanceRegistryImpl - Renew threshold is: 1
2026-05-18 08:45:56,105 [,] [Thread-15] INFO  c.n.e.r.PeerAwareInstanceRegistryImpl - Changing status to UP
2026-05-18 08:45:56,111 [,] [Thread-15] INFO  o.s.c.n.e.s.EurekaServerInitializerConfiguration - Started Eureka Server
2026-05-18 08:45:56,134 [,] [restartedMain] INFO  o.s.b.w.e.tomcat.TomcatWebServer - Tomcat started on port 6059 (http) with context path '/'
2026-05-18 08:45:56,135 [,] [restartedMain] INFO  o.s.c.n.e.s.EurekaAutoServiceRegistration - Updating port to 6059
2026-05-18 08:45:56,237 [,] [restartedMain] INFO  t.d.DiscoveryServerApplication - Started DiscoveryServerApplication in 7.85 seconds (process running for 8.367)
2026-05-18 08:45:58,502 [,] [http-nio-6059-exec-1] INFO  o.a.c.c.C.[Tomcat].[localhost].[/] - Initializing Spring DispatcherServlet 'dispatcherServlet'
2026-05-18 08:45:58,502 [,] [http-nio-6059-exec-1] INFO  o.s.web.servlet.DispatcherServlet - Initializing Servlet 'dispatcherServlet'
2026-05-18 08:45:58,504 [,] [http-nio-6059-exec-1] INFO  o.s.web.servlet.DispatcherServlet - Completed initialization in 2 ms
2026-05-18 08:45:59,509 [,] [http-nio-6059-exec-2] INFO  c.n.e.r.AbstractInstanceRegistry - Registered instance API-GATEWAY/LAPTOP-U7LUUEEE.mshome.net:api-gateway:6060 with status UP (replication=false)
2026-05-18 08:45:59,971 [,] [http-nio-6059-exec-3] INFO  c.n.e.r.AbstractInstanceRegistry - Registered instance API-GATEWAY/LAPTOP-U7LUUEEE.mshome.net:api-gateway:6060 with status DOWN (replication=false)
2026-05-18 08:46:05,032 [,] [http-nio-6059-exec-6] INFO  c.n.e.r.AbstractInstanceRegistry - Registered instance API-GATEWAY/LAPTOP-U7LUUEEE.mshome.net:api-gateway:6060 with status UP (replication=false)
2026-05-18 08:46:06,220 [,] [http-nio-6059-exec-7] INFO  c.n.e.r.AbstractInstanceRegistry - Registered instance API-GATEWAY/LAPTOP-U7LUUEEE.mshome.net:api-gateway:6060 with status DOWN (replication=false)
2026-05-18 08:46:10,201 [,] [File Watcher] INFO  o.s.b.d.a.LocalDevToolsAutoConfiguration$RestartingClassPathChangeChangedEventListener - Restarting due to 2 class path changes (0 additions, 0 deletions, 2 modifications)
2026-05-18 08:46:10,221 [,] [Thread-7] INFO  o.s.c.n.e.s.EurekaServiceRegistry - Unregistering application DISCOVERY-SERVICE with eureka with status DOWN
2026-05-18 08:46:10,316 [,] [Thread-7] INFO  o.s.c.n.e.s.EurekaServerBootstrap - Shutting down Eureka Server..
2026-05-18 08:46:10,316 [,] [Thread-7] INFO  c.n.e.DefaultEurekaServerContext - Shutting down ...
2026-05-18 08:46:10,317 [,] [Thread-7] INFO  c.n.e.DefaultEurekaServerContext - Shut down
2026-05-18 08:46:10,317 [,] [Thread-7] INFO  o.s.c.n.e.s.EurekaServerBootstrap - Eureka Service is now shutdown...
2026-05-18 08:46:10,318 [,] [Thread-7] INFO  c.n.e.DefaultEurekaServerContext - Shutting down ...
2026-05-18 08:46:10,318 [,] [Thread-7] INFO  c.n.e.DefaultEurekaServerContext - Shut down
2026-05-18 08:46:10,350 [,] [Thread-7] INFO  c.netflix.discovery.DiscoveryClient - Shutting down DiscoveryClient ...
2026-05-18 08:46:10,351 [,] [Thread-7] INFO  c.netflix.discovery.DiscoveryClient - Completed shut down of DiscoveryClient
2026-05-18 08:46:10,752 [,] [restartedMain] INFO  t.d.DiscoveryServerApplication - Starting DiscoveryServerApplication using Java 21.0.10 with PID 31864 (C:\Users\ASUS\pc_store_microservice\BE\discovery-service\target\classes started by ASUS in C:\Users\ASUS\pc_store_microservice)
2026-05-18 08:46:10,752 [,] [restartedMain] INFO  t.d.DiscoveryServerApplication - No active profile set, falling back to 1 default profile: "default"
2026-05-18 08:46:12,851 [,] [restartedMain] INFO  o.s.cloud.context.scope.GenericScope - BeanFactory id=ce9a9ae8-4cc8-3e8b-a471-ef72b1960dfa
2026-05-18 08:46:12,911 [,] [restartedMain] WARN  o.s.c.s.PostProcessorRegistrationDelegate$BeanPostProcessorChecker - Bean 'org.springframework.cloud.client.loadbalancer.LoadBalancerAutoConfiguration$DeferringLoadBalancerInterceptorConfig' of type [org.springframework.cloud.client.loadbalancer.LoadBalancerAutoConfiguration$DeferringLoadBalancerInterceptorConfig] is not eligible for getting processed by all BeanPostProcessors (for example: not eligible for auto-proxying). The currently created BeanPostProcessor [lbRestClientPostProcessor] is declared through a non-static factory method on that class; consider declaring it as static instead.
2026-05-18 08:46:12,922 [,] [restartedMain] WARN  o.s.c.s.PostProcessorRegistrationDelegate$BeanPostProcessorChecker - Bean 'deferringLoadBalancerInterceptor' of type [org.springframework.cloud.client.loadbalancer.DeferringLoadBalancerInterceptor] is not eligible for getting processed by all BeanPostProcessors (for example: not eligible for auto-proxying). Is this bean getting eagerly injected/applied to a currently created BeanPostProcessor [lbRestClientPostProcessor]? Check the corresponding BeanPostProcessor declaration and its dependencies/advisors. If this bean does not have to be post-processed, declare it with ROLE_INFRASTRUCTURE.
2026-05-18 08:46:13,083 [,] [restartedMain] INFO  o.s.b.w.e.tomcat.TomcatWebServer - Tomcat initialized with port 6059 (http)
2026-05-18 08:46:13,084 [,] [restartedMain] INFO  o.a.catalina.core.StandardService - Starting service [Tomcat]
2026-05-18 08:46:13,085 [,] [restartedMain] INFO  o.a.catalina.core.StandardEngine - Starting Servlet engine: [Apache Tomcat/10.1.31]
2026-05-18 08:46:13,262 [,] [restartedMain] INFO  o.a.c.c.C.[Tomcat].[localhost].[/] - Initializing Spring embedded WebApplicationContext
2026-05-18 08:46:13,271 [,] [restartedMain] INFO  o.s.b.w.s.c.ServletWebServerApplicationContext - Root WebApplicationContext: initialization completed in 2512 ms
2026-05-18 08:46:13,862 [,] [restartedMain] INFO  c.n.d.p.DiscoveryJerseyProvider - Using JSON encoding codec LegacyJacksonJson
2026-05-18 08:46:13,863 [,] [restartedMain] INFO  c.n.d.p.DiscoveryJerseyProvider - Using JSON decoding codec LegacyJacksonJson
2026-05-18 08:46:13,863 [,] [restartedMain] INFO  c.n.d.p.DiscoveryJerseyProvider - Using XML encoding codec XStreamXml
2026-05-18 08:46:13,863 [,] [restartedMain] INFO  c.n.d.p.DiscoveryJerseyProvider - Using XML decoding codec XStreamXml
2026-05-18 08:46:14,039 [,] [restartedMain] INFO  o.s.b.d.a.OptionalLiveReloadServer - LiveReload server is running on port 35729
2026-05-18 08:46:14,082 [,] [restartedMain] WARN  o.s.c.l.c.LoadBalancerCacheAutoConfiguration$LoadBalancerCaffeineWarnLogger - Spring Cloud LoadBalancer is currently working with the default cache. While this cache implementation is useful for development and tests, it's recommended to use Caffeine cache in production.You can switch to using Caffeine cache, by adding it and org.springframework.cache.caffeine.CaffeineCacheManager to the classpath.
2026-05-18 08:46:14,086 [,] [restartedMain] INFO  o.s.c.n.eureka.InstanceInfoFactory - Setting initial instance status as: STARTING
2026-05-18 08:46:14,088 [,] [restartedMain] INFO  c.netflix.discovery.DiscoveryClient - Initializing Eureka in region us-east-1
2026-05-18 08:46:14,088 [,] [restartedMain] INFO  c.netflix.discovery.DiscoveryClient - Client configured to neither register nor query for data.
2026-05-18 08:46:14,088 [,] [restartedMain] INFO  c.netflix.discovery.DiscoveryClient - Discovery Client initialized at timestamp 1779093974088 with initial instances count: 0
2026-05-18 08:46:14,091 [,] [restartedMain] INFO  c.n.e.DefaultEurekaServerContext - Initializing ...
2026-05-18 08:46:14,091 [,] [restartedMain] WARN  c.n.eureka.cluster.PeerEurekaNodes - The replica size seems to be empty. Check the route 53 DNS Registry
2026-05-18 08:46:14,092 [,] [restartedMain] INFO  c.n.e.r.AbstractInstanceRegistry - Finished initializing remote region registries. All known remote regions: []
2026-05-18 08:46:14,092 [,] [restartedMain] INFO  c.n.e.DefaultEurekaServerContext - Initialized
2026-05-18 08:46:14,099 [,] [restartedMain] INFO  o.s.b.a.e.web.EndpointLinksResolver - Exposing 1 endpoint beneath base path '/actuator'
2026-05-18 08:46:14,120 [,] [restartedMain] INFO  o.s.c.n.e.s.EurekaServiceRegistry - Registering application DISCOVERY-SERVICE with eureka with status UP
2026-05-18 08:46:14,122 [,] [Thread-28] INFO  o.s.c.n.e.s.EurekaServerBootstrap - isAws returned false
2026-05-18 08:46:14,122 [,] [Thread-28] INFO  o.s.c.n.e.s.EurekaServerBootstrap - Initialized server context
2026-05-18 08:46:14,122 [,] [Thread-28] INFO  c.n.e.r.PeerAwareInstanceRegistryImpl - Got 1 instances from neighboring DS node
2026-05-18 08:46:14,122 [,] [Thread-28] INFO  c.n.e.r.PeerAwareInstanceRegistryImpl - Renew threshold is: 1
2026-05-18 08:46:14,122 [,] [Thread-28] INFO  c.n.e.r.PeerAwareInstanceRegistryImpl - Changing status to UP
2026-05-18 08:46:14,122 [,] [Thread-28] INFO  o.s.c.n.e.s.EurekaServerInitializerConfiguration - Started Eureka Server
2026-05-18 08:46:14,126 [,] [restartedMain] INFO  o.s.b.w.e.tomcat.TomcatWebServer - Tomcat started on port 6059 (http) with context path '/'
2026-05-18 08:46:14,126 [,] [restartedMain] INFO  o.s.c.n.e.s.EurekaAutoServiceRegistration - Updating port to 6059
2026-05-18 08:46:14,140 [,] [restartedMain] INFO  t.d.DiscoveryServerApplication - Started DiscoveryServerApplication in 3.614 seconds (process running for 26.27)
2026-05-18 08:46:14,144 [,] [restartedMain] INFO  o.s.b.d.a.ConditionEvaluationDeltaLoggingListener - Condition evaluation unchanged
2026-05-18 08:46:30,036 [,] [http-nio-6059-exec-1] INFO  o.a.c.c.C.[Tomcat].[localhost].[/] - Initializing Spring DispatcherServlet 'dispatcherServlet'
2026-05-18 08:46:30,037 [,] [http-nio-6059-exec-1] INFO  o.s.web.servlet.DispatcherServlet - Initializing Servlet 'dispatcherServlet'
2026-05-18 08:46:30,038 [,] [http-nio-6059-exec-1] INFO  o.s.web.servlet.DispatcherServlet - Completed initialization in 1 ms
2026-05-18 08:46:30,142 [,] [http-nio-6059-exec-2] INFO  c.n.e.r.AbstractInstanceRegistry - Registered instance IDENTITY-SERVICE/LAPTOP-U7LUUEEE.mshome.net:identity-service:6062 with status UP (replication=false)
2026-05-18 08:46:43,362 [,] [http-nio-6059-exec-4] WARN  c.n.e.r.AbstractInstanceRegistry - DS: Registry: lease doesn't exist, registering resource: API-GATEWAY - LAPTOP-U7LUUEEE.mshome.net:api-gateway:6060
2026-05-18 08:46:43,362 [,] [http-nio-6059-exec-4] WARN  c.n.e.resources.InstanceResource - Not Found (Renew): API-GATEWAY - LAPTOP-U7LUUEEE.mshome.net:api-gateway:6060
2026-05-18 08:46:43,428 [,] [http-nio-6059-exec-5] INFO  c.n.e.r.AbstractInstanceRegistry - Registered instance API-GATEWAY/LAPTOP-U7LUUEEE.mshome.net:api-gateway:6060 with status UP (replication=false)
2026-05-18 08:46:43,596 [,] [http-nio-6059-exec-6] INFO  c.n.e.r.AbstractInstanceRegistry - Registered instance API-GATEWAY/LAPTOP-U7LUUEEE.mshome.net:api-gateway:6060 with status UP (replication=false)
2026-05-18 08:47:14,122 [,] [Eureka-EvictionTimer] INFO  c.n.e.r.AbstractInstanceRegistry - Running the evict task with compensationTime 0ms
2026-05-18 08:47:27,186 [,] [http-nio-6059-exec-5] INFO  c.n.e.r.AbstractInstanceRegistry - Registered instance PRODUCT-SERVICE/LAPTOP-U7LUUEEE.mshome.net:product-service:6067 with status UP (replication=false)
2026-05-18 08:47:35,350 [,] [http-nio-6059-exec-7] INFO  c.n.e.r.AbstractInstanceRegistry - Registered instance PRODUCT-SERVICE/LAPTOP-U7LUUEEE.mshome.net:product-service:6067 with status DOWN (replication=false)
2026-05-18 08:47:38,681 [,] [http-nio-6059-exec-8] INFO  c.n.e.r.AbstractInstanceRegistry - Cancelled instance PRODUCT-SERVICE/LAPTOP-U7LUUEEE.mshome.net:product-service:6067 (replication=false)
2026-05-18 08:47:47,855 [,] [http-nio-6059-exec-4] INFO  c.n.e.r.AbstractInstanceRegistry - Registered instance PRODUCT-SERVICE/LAPTOP-U7LUUEEE.mshome.net:product-service:6067 with status UP (replication=false)
2026-05-18 08:47:49,220 [,] [http-nio-6059-exec-7] INFO  c.n.e.r.AbstractInstanceRegistry - Registered instance NOTIFICATION-SERVICE/LAPTOP-U7LUUEEE.mshome.net:notification-service:6068 with status UP (replication=false)
2026-05-18 08:47:53,302 [,] [http-nio-6059-exec-8] INFO  c.n.e.r.AbstractInstanceRegistry - Registered instance NOTIFICATION-SERVICE/LAPTOP-U7LUUEEE.mshome.net:notification-service:6068 with status DOWN (replication=false)
2026-05-18 08:47:53,657 [,] [http-nio-6059-exec-1] INFO  c.n.e.r.AbstractInstanceRegistry - Registered instance PRODUCT-SERVICE/LAPTOP-U7LUUEEE.mshome.net:product-service:6067 with status DOWN (replication=false)
2026-05-18 08:47:56,406 [,] [http-nio-6059-exec-9] INFO  c.n.e.r.AbstractInstanceRegistry - Cancelled instance NOTIFICATION-SERVICE/LAPTOP-U7LUUEEE.mshome.net:notification-service:6068 (replication=false)
2026-05-18 08:47:56,701 [,] [http-nio-6059-exec-2] INFO  c.n.e.r.AbstractInstanceRegistry - Cancelled instance PRODUCT-SERVICE/LAPTOP-U7LUUEEE.mshome.net:product-service:6067 (replication=false)
2026-05-18 08:47:58,543 [,] [http-nio-6059-exec-7] INFO  c.n.e.r.AbstractInstanceRegistry - Registered instance NOTIFICATION-SERVICE/LAPTOP-U7LUUEEE.mshome.net:notification-service:6068 with status UP (replication=false)
2026-05-18 08:48:01,450 [,] [http-nio-6059-exec-9] INFO  c.n.e.r.AbstractInstanceRegistry - Registered instance NOTIFICATION-SERVICE/LAPTOP-U7LUUEEE.mshome.net:notification-service:6068 with status DOWN (replication=false)
2026-05-18 08:48:04,099 [,] [http-nio-6059-exec-3] INFO  c.n.e.r.AbstractInstanceRegistry - Registered instance PRODUCT-SERVICE/LAPTOP-U7LUUEEE.mshome.net:product-service:6067 with status UP (replication=false)
2026-05-18 08:48:04,506 [,] [http-nio-6059-exec-2] INFO  c.n.e.r.AbstractInstanceRegistry - Cancelled instance NOTIFICATION-SERVICE/LAPTOP-U7LUUEEE.mshome.net:notification-service:6068 (replication=false)
2026-05-18 08:48:06,293 [,] [http-nio-6059-exec-7] INFO  c.n.e.r.AbstractInstanceRegistry - Registered instance NOTIFICATION-SERVICE/LAPTOP-U7LUUEEE.mshome.net:notification-service:6068 with status UP (replication=false)
2026-05-18 08:48:09,726 [,] [http-nio-6059-exec-10] INFO  c.n.e.r.AbstractInstanceRegistry - Registered instance NOTIFICATION-SERVICE/LAPTOP-U7LUUEEE.mshome.net:notification-service:6068 with status DOWN (replication=false)
2026-05-18 08:48:09,923 [,] [http-nio-6059-exec-3] INFO  c.n.e.r.AbstractInstanceRegistry - Registered instance PRODUCT-SERVICE/LAPTOP-U7LUUEEE.mshome.net:product-service:6067 with status DOWN (replication=false)
2026-05-18 08:48:12,749 [,] [http-nio-6059-exec-2] INFO  c.n.e.r.AbstractInstanceRegistry - Cancelled instance NOTIFICATION-SERVICE/LAPTOP-U7LUUEEE.mshome.net:notification-service:6068 (replication=false)
2026-05-18 08:48:12,978 [,] [http-nio-6059-exec-6] INFO  c.n.e.r.AbstractInstanceRegistry - Cancelled instance PRODUCT-SERVICE/LAPTOP-U7LUUEEE.mshome.net:product-service:6067 (replication=false)
2026-05-18 08:48:14,125 [,] [Eureka-EvictionTimer] INFO  c.n.e.r.AbstractInstanceRegistry - Running the evict task with compensationTime 2ms
2026-05-18 08:48:14,715 [,] [http-nio-6059-exec-3] INFO  c.n.e.r.AbstractInstanceRegistry - Registered instance NOTIFICATION-SERVICE/LAPTOP-U7LUUEEE.mshome.net:notification-service:6068 with status UP (replication=false)
2026-05-18 08:48:18,067 [,] [http-nio-6059-exec-2] INFO  c.n.e.r.AbstractInstanceRegistry - Registered instance NOTIFICATION-SERVICE/LAPTOP-U7LUUEEE.mshome.net:notification-service:6068 with status DOWN (replication=false)
2026-05-18 08:48:20,227 [,] [http-nio-6059-exec-5] INFO  c.n.e.r.AbstractInstanceRegistry - Registered instance PRODUCT-SERVICE/LAPTOP-U7LUUEEE.mshome.net:product-service:6067 with status UP (replication=false)
2026-05-18 08:48:21,454 [,] [http-nio-6059-exec-6] INFO  c.n.e.r.AbstractInstanceRegistry - Cancelled instance NOTIFICATION-SERVICE/LAPTOP-U7LUUEEE.mshome.net:notification-service:6068 (replication=false)
2026-05-18 08:48:23,367 [,] [http-nio-6059-exec-9] INFO  c.n.e.r.AbstractInstanceRegistry - Registered instance NOTIFICATION-SERVICE/LAPTOP-U7LUUEEE.mshome.net:notification-service:6068 with status UP (replication=false)
2026-05-18 08:48:26,223 [,] [http-nio-6059-exec-10] INFO  c.n.e.r.AbstractInstanceRegistry - Registered instance PRODUCT-SERVICE/LAPTOP-U7LUUEEE.mshome.net:product-service:6067 with status DOWN (replication=false)
2026-05-18 08:48:26,301 [,] [http-nio-6059-exec-3] INFO  c.n.e.r.AbstractInstanceRegistry - Registered instance NOTIFICATION-SERVICE/LAPTOP-U7LUUEEE.mshome.net:notification-service:6068 with status DOWN (replication=false)
2026-05-18 08:48:29,260 [,] [http-nio-6059-exec-2] INFO  c.n.e.r.AbstractInstanceRegistry - Cancelled instance PRODUCT-SERVICE/LAPTOP-U7LUUEEE.mshome.net:product-service:6067 (replication=false)
2026-05-18 08:48:29,927 [,] [http-nio-6059-exec-6] INFO  c.n.e.r.AbstractInstanceRegistry - Cancelled instance NOTIFICATION-SERVICE/LAPTOP-U7LUUEEE.mshome.net:notification-service:6068 (replication=false)
2026-05-18 08:48:31,853 [,] [http-nio-6059-exec-3] INFO  c.n.e.r.AbstractInstanceRegistry - Registered instance NOTIFICATION-SERVICE/LAPTOP-U7LUUEEE.mshome.net:notification-service:6068 with status UP (replication=false)
2026-05-18 08:48:34,333 [,] [http-nio-6059-exec-2] INFO  c.n.e.r.AbstractInstanceRegistry - Registered instance NOTIFICATION-SERVICE/LAPTOP-U7LUUEEE.mshome.net:notification-service:6068 with status DOWN (replication=false)
2026-05-18 08:48:36,713 [,] [http-nio-6059-exec-5] INFO  c.n.e.r.AbstractInstanceRegistry - Registered instance PRODUCT-SERVICE/LAPTOP-U7LUUEEE.mshome.net:product-service:6067 with status UP (replication=false)
2026-05-18 08:48:38,265 [,] [http-nio-6059-exec-6] INFO  c.n.e.r.AbstractInstanceRegistry - Cancelled instance NOTIFICATION-SERVICE/LAPTOP-U7LUUEEE.mshome.net:notification-service:6068 (replication=false)
2026-05-18 08:48:40,552 [,] [http-nio-6059-exec-9] INFO  c.n.e.r.AbstractInstanceRegistry - Registered instance NOTIFICATION-SERVICE/LAPTOP-U7LUUEEE.mshome.net:notification-service:6068 with status UP (replication=false)
2026-05-18 08:48:42,313 [,] [http-nio-6059-exec-10] INFO  c.n.e.r.AbstractInstanceRegistry - Registered instance NOTIFICATION-SERVICE/LAPTOP-U7LUUEEE.mshome.net:notification-service:6068 with status DOWN (replication=false)
2026-05-18 08:48:42,580 [,] [http-nio-6059-exec-3] INFO  c.n.e.r.AbstractInstanceRegistry - Registered instance PRODUCT-SERVICE/LAPTOP-U7LUUEEE.mshome.net:product-service:6067 with status DOWN (replication=false)
2026-05-18 08:48:45,364 [,] [http-nio-6059-exec-5] INFO  c.n.e.r.AbstractInstanceRegistry - Cancelled instance NOTIFICATION-SERVICE/LAPTOP-U7LUUEEE.mshome.net:notification-service:6068 (replication=false)
2026-05-18 08:48:45,626 [,] [http-nio-6059-exec-7] INFO  c.n.e.r.AbstractInstanceRegistry - Cancelled instance PRODUCT-SERVICE/LAPTOP-U7LUUEEE.mshome.net:product-service:6067 (replication=false)
2026-05-18 08:48:48,925 [,] [http-nio-6059-exec-3] INFO  c.n.e.r.AbstractInstanceRegistry - Registered instance NOTIFICATION-SERVICE/LAPTOP-U7LUUEEE.mshome.net:notification-service:6068 with status UP (replication=false)
2026-05-18 08:48:51,594 [,] [http-nio-6059-exec-2] INFO  c.n.e.r.AbstractInstanceRegistry - Registered instance NOTIFICATION-SERVICE/LAPTOP-U7LUUEEE.mshome.net:notification-service:6068 with status DOWN (replication=false)
2026-05-18 08:48:54,708 [,] [http-nio-6059-exec-4] INFO  c.n.e.r.AbstractInstanceRegistry - Cancelled instance NOTIFICATION-SERVICE/LAPTOP-U7LUUEEE.mshome.net:notification-service:6068 (replication=false)
2026-05-18 08:48:58,376 [,] [http-nio-6059-exec-7] INFO  c.n.e.r.AbstractInstanceRegistry - Registered instance NOTIFICATION-SERVICE/LAPTOP-U7LUUEEE.mshome.net:notification-service:6068 with status UP (replication=false)
2026-05-18 08:49:02,460 [,] [http-nio-6059-exec-3] INFO  c.n.e.r.AbstractInstanceRegistry - Registered instance ORDER-SERVICE/LAPTOP-U7LUUEEE.mshome.net:order-service:6065 with status UP (replication=false)
2026-05-18 08:49:08,077 [,] [http-nio-6059-exec-2] INFO  c.n.e.r.AbstractInstanceRegistry - Registered instance ORDER-SERVICE/LAPTOP-U7LUUEEE.mshome.net:order-service:6065 with status DOWN (replication=false)
2026-05-18 08:49:08,174 [,] [http-nio-6059-exec-4] INFO  c.n.e.r.AbstractInstanceRegistry - Registered instance NOTIFICATION-SERVICE/LAPTOP-U7LUUEEE.mshome.net:notification-service:6068 with status DOWN (replication=false)
2026-05-18 08:49:10,682 [,] [http-nio-6059-exec-5] INFO  c.n.e.r.AbstractInstanceRegistry - Registered instance PRODUCT-SERVICE/LAPTOP-U7LUUEEE.mshome.net:product-service:6067 with status UP (replication=false)
2026-05-18 08:49:11,135 [,] [http-nio-6059-exec-6] INFO  c.n.e.r.AbstractInstanceRegistry - Cancelled instance ORDER-SERVICE/LAPTOP-U7LUUEEE.mshome.net:order-service:6065 (replication=false)
2026-05-18 08:49:11,426 [,] [http-nio-6059-exec-9] INFO  c.n.e.r.AbstractInstanceRegistry - Cancelled instance NOTIFICATION-SERVICE/LAPTOP-U7LUUEEE.mshome.net:notification-service:6068 (replication=false)
2026-05-18 08:49:13,572 [,] [http-nio-6059-exec-4] INFO  c.n.e.r.AbstractInstanceRegistry - Registered instance NOTIFICATION-SERVICE/LAPTOP-U7LUUEEE.mshome.net:notification-service:6068 with status UP (replication=false)
2026-05-18 08:49:14,126 [,] [Eureka-EvictionTimer] INFO  c.n.e.r.AbstractInstanceRegistry - Running the evict task with compensationTime 0ms
2026-05-18 08:49:17,158 [,] [http-nio-6059-exec-6] INFO  c.n.e.r.AbstractInstanceRegistry - Registered instance NOTIFICATION-SERVICE/LAPTOP-U7LUUEEE.mshome.net:notification-service:6068 with status DOWN (replication=false)
2026-05-18 08:49:17,223 [,] [http-nio-6059-exec-7] INFO  c.n.e.r.AbstractInstanceRegistry - Registered instance PRODUCT-SERVICE/LAPTOP-U7LUUEEE.mshome.net:product-service:6067 with status DOWN (replication=false)
2026-05-18 08:49:20,199 [,] [http-nio-6059-exec-1] INFO  c.n.e.r.AbstractInstanceRegistry - Cancelled instance NOTIFICATION-SERVICE/LAPTOP-U7LUUEEE.mshome.net:notification-service:6068 (replication=false)
2026-05-18 08:49:20,276 [,] [http-nio-6059-exec-10] INFO  c.n.e.r.AbstractInstanceRegistry - Cancelled instance PRODUCT-SERVICE/LAPTOP-U7LUUEEE.mshome.net:product-service:6067 (replication=false)
2026-05-18 08:49:24,365 [,] [http-nio-6059-exec-5] INFO  c.n.e.r.AbstractInstanceRegistry - Registered instance NOTIFICATION-SERVICE/LAPTOP-U7LUUEEE.mshome.net:notification-service:6068 with status UP (replication=false)
2026-05-18 08:49:27,260 [,] [http-nio-6059-exec-6] INFO  c.n.e.r.AbstractInstanceRegistry - Registered instance NOTIFICATION-SERVICE/LAPTOP-U7LUUEEE.mshome.net:notification-service:6068 with status DOWN (replication=false)
2026-05-18 08:49:30,858 [,] [http-nio-6059-exec-9] INFO  c.n.e.r.AbstractInstanceRegistry - Cancelled instance NOTIFICATION-SERVICE/LAPTOP-U7LUUEEE.mshome.net:notification-service:6068 (replication=false)
2026-05-18 08:49:38,763 [,] [http-nio-6059-exec-4] INFO  c.n.e.r.AbstractInstanceRegistry - Registered instance ORDER-SERVICE/LAPTOP-U7LUUEEE.mshome.net:order-service:6065 with status UP (replication=false)
2026-05-18 08:49:41,964 [,] [http-nio-6059-exec-5] INFO  c.n.e.r.AbstractInstanceRegistry - Registered instance NOTIFICATION-SERVICE/LAPTOP-U7LUUEEE.mshome.net:notification-service:6068 with status UP (replication=false)
2026-05-18 08:49:47,121 [,] [http-nio-6059-exec-9] INFO  c.n.e.r.AbstractInstanceRegistry - Registered instance NOTIFICATION-SERVICE/LAPTOP-U7LUUEEE.mshome.net:notification-service:6068 with status DOWN (replication=false)
2026-05-18 08:49:47,648 [,] [http-nio-6059-exec-3] INFO  c.n.e.r.AbstractInstanceRegistry - Registered instance ORDER-SERVICE/LAPTOP-U7LUUEEE.mshome.net:order-service:6065 with status DOWN (replication=false)
2026-05-18 08:49:50,222 [,] [http-nio-6059-exec-10] INFO  c.n.e.r.AbstractInstanceRegistry - Cancelled instance NOTIFICATION-SERVICE/LAPTOP-U7LUUEEE.mshome.net:notification-service:6068 (replication=false)
2026-05-18 08:49:50,689 [,] [http-nio-6059-exec-8] INFO  c.n.e.r.AbstractInstanceRegistry - Cancelled instance ORDER-SERVICE/LAPTOP-U7LUUEEE.mshome.net:order-service:6065 (replication=false)
2026-05-18 08:49:51,662 [,] [http-nio-6059-exec-1] INFO  c.n.e.r.AbstractInstanceRegistry - Registered instance PRODUCT-SERVICE/LAPTOP-U7LUUEEE.mshome.net:product-service:6067 with status UP (replication=false)
2026-05-18 08:49:55,065 [,] [http-nio-6059-exec-9] INFO  c.n.e.r.AbstractInstanceRegistry - Registered instance PRODUCT-SERVICE/LAPTOP-U7LUUEEE.mshome.net:product-service:6067 with status DOWN (replication=false)
2026-05-18 08:49:59,104 [,] [http-nio-6059-exec-3] INFO  c.n.e.r.AbstractInstanceRegistry - Cancelled instance PRODUCT-SERVICE/LAPTOP-U7LUUEEE.mshome.net:product-service:6067 (replication=false)
2026-05-18 08:49:59,417 [,] [http-nio-6059-exec-8] INFO  c.n.e.r.AbstractInstanceRegistry - Registered instance NOTIFICATION-SERVICE/LAPTOP-U7LUUEEE.mshome.net:notification-service:6068 with status UP (replication=false)
2026-05-18 08:50:02,108 [,] [http-nio-6059-exec-1] INFO  c.n.e.r.AbstractInstanceRegistry - Registered instance ORDER-SERVICE/LAPTOP-U7LUUEEE.mshome.net:order-service:6065 with status UP (replication=false)
2026-05-18 08:50:09,093 [,] [http-nio-6059-exec-3] INFO  c.n.e.r.AbstractInstanceRegistry - Registered instance PRODUCT-SERVICE/LAPTOP-U7LUUEEE.mshome.net:product-service:6067 with status UP (replication=false)
2026-05-18 08:50:14,130 [,] [Eureka-EvictionTimer] INFO  c.n.e.r.AbstractInstanceRegistry - Running the evict task with compensationTime 4ms
2026-05-18 08:50:23,201 [,] [http-nio-6059-exec-2] INFO  c.n.e.r.AbstractInstanceRegistry - Registered instance NOTIFICATION-SERVICE/LAPTOP-U7LUUEEE.mshome.net:notification-service:6068 with status DOWN (replication=false)
2026-05-18 08:50:23,292 [,] [http-nio-6059-exec-5] INFO  c.n.e.r.AbstractInstanceRegistry - Registered instance ORDER-SERVICE/LAPTOP-U7LUUEEE.mshome.net:order-service:6065 with status DOWN (replication=false)
2026-05-18 08:50:23,292 [,] [http-nio-6059-exec-8] INFO  c.n.e.r.AbstractInstanceRegistry - Registered instance PRODUCT-SERVICE/LAPTOP-U7LUUEEE.mshome.net:product-service:6067 with status DOWN (replication=false)
2026-05-18 08:50:26,240 [,] [http-nio-6059-exec-6] INFO  c.n.e.r.AbstractInstanceRegistry - Cancelled instance NOTIFICATION-SERVICE/LAPTOP-U7LUUEEE.mshome.net:notification-service:6068 (replication=false)
2026-05-18 08:50:26,333 [,] [http-nio-6059-exec-9] INFO  c.n.e.r.AbstractInstanceRegistry - Cancelled instance ORDER-SERVICE/LAPTOP-U7LUUEEE.mshome.net:order-service:6065 (replication=false)
2026-05-18 08:50:27,214 [,] [http-nio-6059-exec-4] INFO  c.n.e.r.AbstractInstanceRegistry - Cancelled instance PRODUCT-SERVICE/LAPTOP-U7LUUEEE.mshome.net:product-service:6067 (replication=false)
2026-05-18 08:50:36,331 [,] [http-nio-6059-exec-1] INFO  c.n.e.r.AbstractInstanceRegistry - Registered instance NOTIFICATION-SERVICE/LAPTOP-U7LUUEEE.mshome.net:notification-service:6068 with status UP (replication=false)
2026-05-18 08:50:37,648 [,] [http-nio-6059-exec-3] INFO  c.n.e.r.AbstractInstanceRegistry - Registered instance ORDER-SERVICE/LAPTOP-U7LUUEEE.mshome.net:order-service:6065 with status UP (replication=false)
2026-05-18 08:50:40,117 [,] [http-nio-6059-exec-10] INFO  c.n.e.r.AbstractInstanceRegistry - Registered instance NOTIFICATION-SERVICE/LAPTOP-U7LUUEEE.mshome.net:notification-service:6068 with status DOWN (replication=false)
2026-05-18 08:50:44,178 [,] [http-nio-6059-exec-5] INFO  c.n.e.r.AbstractInstanceRegistry - Cancelled instance NOTIFICATION-SERVICE/LAPTOP-U7LUUEEE.mshome.net:notification-service:6068 (replication=false)
2026-05-18 08:50:54,448 [,] [http-nio-6059-exec-1] INFO  c.n.e.r.AbstractInstanceRegistry - Registered instance NOTIFICATION-SERVICE/LAPTOP-U7LUUEEE.mshome.net:notification-service:6068 with status UP (replication=false)
2026-05-18 08:51:03,369 [,] [http-nio-6059-exec-10] INFO  c.n.e.r.AbstractInstanceRegistry - Registered instance NOTIFICATION-SERVICE/LAPTOP-U7LUUEEE.mshome.net:notification-service:6068 with status DOWN (replication=false)
2026-05-18 08:51:07,385 [,] [http-nio-6059-exec-4] INFO  c.n.e.r.AbstractInstanceRegistry - Cancelled instance NOTIFICATION-SERVICE/LAPTOP-U7LUUEEE.mshome.net:notification-service:6068 (replication=false)
2026-05-18 08:51:14,005 [,] [http-nio-6059-exec-1] INFO  c.n.e.r.AbstractInstanceRegistry - Registered instance ORDER-SERVICE/LAPTOP-U7LUUEEE.mshome.net:order-service:6065 with status DOWN (replication=false)
2026-05-18 08:51:14,137 [,] [Eureka-EvictionTimer] INFO  c.n.e.r.AbstractInstanceRegistry - Running the evict task with compensationTime 6ms
2026-05-18 08:51:14,840 [,] [http-nio-6059-exec-10] INFO  c.n.e.r.AbstractInstanceRegistry - Registered instance NOTIFICATION-SERVICE/LAPTOP-U7LUUEEE.mshome.net:notification-service:6068 with status UP (replication=false)
2026-05-18 08:51:17,230 [,] [http-nio-6059-exec-4] INFO  c.n.e.r.AbstractInstanceRegistry - Cancelled instance ORDER-SERVICE/LAPTOP-U7LUUEEE.mshome.net:order-service:6065 (replication=false)
2026-05-18 08:51:19,762 [,] [http-nio-6059-exec-6] INFO  c.n.e.r.AbstractInstanceRegistry - Registered instance NOTIFICATION-SERVICE/LAPTOP-U7LUUEEE.mshome.net:notification-service:6068 with status DOWN (replication=false)
2026-05-18 08:51:23,374 [,] [http-nio-6059-exec-8] INFO  c.n.e.r.AbstractInstanceRegistry - Cancelled instance NOTIFICATION-SERVICE/LAPTOP-U7LUUEEE.mshome.net:notification-service:6068 (replication=false)
2026-05-18 08:51:28,749 [,] [http-nio-6059-exec-3] INFO  c.n.e.r.AbstractInstanceRegistry - Registered instance ORDER-SERVICE/LAPTOP-U7LUUEEE.mshome.net:order-service:6065 with status UP (replication=false)
2026-05-18 08:51:33,203 [,] [http-nio-6059-exec-5] INFO  c.n.e.r.AbstractInstanceRegistry - Registered instance NOTIFICATION-SERVICE/LAPTOP-U7LUUEEE.mshome.net:notification-service:6068 with status UP (replication=false)
2026-05-18 08:51:36,619 [,] [http-nio-6059-exec-6] INFO  c.n.e.r.AbstractInstanceRegistry - Registered instance NOTIFICATION-SERVICE/LAPTOP-U7LUUEEE.mshome.net:notification-service:6068 with status DOWN (replication=false)
2026-05-18 08:51:36,740 [,] [http-nio-6059-exec-8] INFO  c.n.e.r.AbstractInstanceRegistry - Registered instance ORDER-SERVICE/LAPTOP-U7LUUEEE.mshome.net:order-service:6065 with status DOWN (replication=false)
2026-05-18 08:51:39,793 [,] [http-nio-6059-exec-7] INFO  c.n.e.r.AbstractInstanceRegistry - Cancelled instance ORDER-SERVICE/LAPTOP-U7LUUEEE.mshome.net:order-service:6065 (replication=false)
2026-05-18 08:51:40,053 [,] [http-nio-6059-exec-3] INFO  c.n.e.r.AbstractInstanceRegistry - Cancelled instance NOTIFICATION-SERVICE/LAPTOP-U7LUUEEE.mshome.net:notification-service:6068 (replication=false)
2026-05-18 08:51:50,478 [,] [http-nio-6059-exec-8] INFO  c.n.e.r.AbstractInstanceRegistry - Registered instance NOTIFICATION-SERVICE/LAPTOP-U7LUUEEE.mshome.net:notification-service:6068 with status UP (replication=false)
2026-05-18 08:51:54,725 [,] [http-nio-6059-exec-1] INFO  c.n.e.r.AbstractInstanceRegistry - Registered instance ORDER-SERVICE/LAPTOP-U7LUUEEE.mshome.net:order-service:6065 with status UP (replication=false)
2026-05-18 08:51:58,907 [,] [http-nio-6059-exec-9] INFO  c.n.e.r.AbstractInstanceRegistry - Registered instance ORDER-SERVICE/LAPTOP-U7LUUEEE.mshome.net:order-service:6065 with status DOWN (replication=false)
2026-05-18 08:52:01,432 [,] [http-nio-6059-exec-2] INFO  c.n.e.r.AbstractInstanceRegistry - Registered instance PRODUCT-SERVICE/LAPTOP-U7LUUEEE.mshome.net:product-service:6067 with status UP (replication=false)
2026-05-18 08:52:02,020 [,] [http-nio-6059-exec-5] INFO  c.n.e.r.AbstractInstanceRegistry - Cancelled instance ORDER-SERVICE/LAPTOP-U7LUUEEE.mshome.net:order-service:6065 (replication=false)
2026-05-18 08:52:04,846 [,] [http-nio-6059-exec-7] INFO  c.n.e.r.AbstractInstanceRegistry - Registered instance NOTIFICATION-SERVICE/LAPTOP-U7LUUEEE.mshome.net:notification-service:6068 with status DOWN (replication=false)
2026-05-18 08:52:08,124 [,] [http-nio-6059-exec-1] INFO  c.n.e.r.AbstractInstanceRegistry - Cancelled instance NOTIFICATION-SERVICE/LAPTOP-U7LUUEEE.mshome.net:notification-service:6068 (replication=false)
2026-05-18 08:52:14,143 [,] [Eureka-EvictionTimer] INFO  c.n.e.r.AbstractInstanceRegistry - Running the evict task with compensationTime 5ms
2026-05-18 08:52:17,763 [,] [http-nio-6059-exec-5] INFO  c.n.e.r.AbstractInstanceRegistry - Registered instance NOTIFICATION-SERVICE/LAPTOP-U7LUUEEE.mshome.net:notification-service:6068 with status UP (replication=false)
2026-05-18 08:52:22,331 [,] [http-nio-6059-exec-8] INFO  c.n.e.r.AbstractInstanceRegistry - Registered instance PRODUCT-SERVICE/LAPTOP-U7LUUEEE.mshome.net:product-service:6067 with status DOWN (replication=false)
2026-05-18 08:52:22,344 [,] [http-nio-6059-exec-6] INFO  c.n.e.r.AbstractInstanceRegistry - Registered instance NOTIFICATION-SERVICE/LAPTOP-U7LUUEEE.mshome.net:notification-service:6068 with status DOWN (replication=false)
2026-05-18 08:52:25,604 [,] [http-nio-6059-exec-7] INFO  c.n.e.r.AbstractInstanceRegistry - Cancelled instance PRODUCT-SERVICE/LAPTOP-U7LUUEEE.mshome.net:product-service:6067 (replication=false)
2026-05-18 08:52:26,283 [,] [http-nio-6059-exec-3] INFO  c.n.e.r.AbstractInstanceRegistry - Cancelled instance NOTIFICATION-SERVICE/LAPTOP-U7LUUEEE.mshome.net:notification-service:6068 (replication=false)
2026-05-18 08:52:29,963 [,] [http-nio-6059-exec-5] INFO  c.n.e.r.AbstractInstanceRegistry - Registered instance ORDER-SERVICE/LAPTOP-U7LUUEEE.mshome.net:order-service:6065 with status UP (replication=false)
2026-05-18 08:52:38,797 [,] [http-nio-6059-exec-7] INFO  c.n.e.r.AbstractInstanceRegistry - Registered instance ORDER-SERVICE/LAPTOP-U7LUUEEE.mshome.net:order-service:6065 with status DOWN (replication=false)
2026-05-18 08:52:38,992 [,] [http-nio-6059-exec-1] INFO  c.n.e.r.AbstractInstanceRegistry - Registered instance NOTIFICATION-SERVICE/LAPTOP-U7LUUEEE.mshome.net:notification-service:6068 with status UP (replication=false)
2026-05-18 08:52:41,907 [,] [http-nio-6059-exec-3] INFO  c.n.e.r.AbstractInstanceRegistry - Cancelled instance ORDER-SERVICE/LAPTOP-U7LUUEEE.mshome.net:order-service:6065 (replication=false)
2026-05-18 08:52:42,246 [,] [http-nio-6059-exec-5] INFO  c.n.e.r.AbstractInstanceRegistry - Registered instance PRODUCT-SERVICE/LAPTOP-U7LUUEEE.mshome.net:product-service:6067 with status UP (replication=false)
2026-05-18 08:52:44,537 [,] [http-nio-6059-exec-6] INFO  c.n.e.r.AbstractInstanceRegistry - Registered instance PRODUCT-SERVICE/LAPTOP-U7LUUEEE.mshome.net:product-service:6067 with status DOWN (replication=false)
2026-05-18 08:52:48,748 [,] [http-nio-6059-exec-9] INFO  c.n.e.r.AbstractInstanceRegistry - Cancelled instance PRODUCT-SERVICE/LAPTOP-U7LUUEEE.mshome.net:product-service:6067 (replication=false)
2026-05-18 08:52:50,387 [,] [http-nio-6059-exec-4] INFO  c.n.e.r.AbstractInstanceRegistry - Registered instance NOTIFICATION-SERVICE/LAPTOP-U7LUUEEE.mshome.net:notification-service:6068 with status DOWN (replication=false)
2026-05-18 08:52:54,541 [,] [http-nio-6059-exec-10] INFO  c.n.e.r.AbstractInstanceRegistry - Cancelled instance NOTIFICATION-SERVICE/LAPTOP-U7LUUEEE.mshome.net:notification-service:6068 (replication=false)
2026-05-18 08:53:07,027 [,] [http-nio-6059-exec-9] INFO  c.n.e.r.AbstractInstanceRegistry - Registered instance NOTIFICATION-SERVICE/LAPTOP-U7LUUEEE.mshome.net:notification-service:6068 with status UP (replication=false)
2026-05-18 08:53:11,248 [,] [http-nio-6059-exec-3] INFO  c.n.e.r.AbstractInstanceRegistry - Registered instance ORDER-SERVICE/LAPTOP-U7LUUEEE.mshome.net:order-service:6065 with status UP (replication=false)
2026-05-18 08:53:14,150 [,] [Eureka-EvictionTimer] INFO  c.n.e.r.AbstractInstanceRegistry - Running the evict task with compensationTime 9ms
2026-05-18 08:53:17,290 [,] [http-nio-6059-exec-2] INFO  c.n.e.r.AbstractInstanceRegistry - Registered instance ORDER-SERVICE/LAPTOP-U7LUUEEE.mshome.net:order-service:6065 with status DOWN (replication=false)
2026-05-18 08:53:20,603 [,] [http-nio-6059-exec-5] INFO  c.n.e.r.AbstractInstanceRegistry - Cancelled instance ORDER-SERVICE/LAPTOP-U7LUUEEE.mshome.net:order-service:6065 (replication=false)
2026-05-18 08:53:23,559 [,] [http-nio-6059-exec-7] INFO  c.n.e.r.AbstractInstanceRegistry - Registered instance NOTIFICATION-SERVICE/LAPTOP-U7LUUEEE.mshome.net:notification-service:6068 with status DOWN (replication=false)
2026-05-18 08:53:26,764 [,] [http-nio-6059-exec-9] INFO  c.n.e.r.AbstractInstanceRegistry - Cancelled instance NOTIFICATION-SERVICE/LAPTOP-U7LUUEEE.mshome.net:notification-service:6068 (replication=false)
2026-05-18 08:53:37,743 [,] [http-nio-6059-exec-5] INFO  c.n.e.r.AbstractInstanceRegistry - Registered instance NOTIFICATION-SERVICE/LAPTOP-U7LUUEEE.mshome.net:notification-service:6068 with status UP (replication=false)
2026-05-18 08:53:51,780 [,] [http-nio-6059-exec-9] INFO  c.n.e.r.AbstractInstanceRegistry - Registered instance PRODUCT-SERVICE/LAPTOP-U7LUUEEE.mshome.net:product-service:6067 with status UP (replication=false)
2026-05-18 08:53:52,242 [,] [http-nio-6059-exec-3] INFO  c.n.e.r.AbstractInstanceRegistry - Registered instance NOTIFICATION-SERVICE/LAPTOP-U7LUUEEE.mshome.net:notification-service:6068 with status DOWN (replication=false)
2026-05-18 08:53:56,467 [,] [http-nio-6059-exec-1] INFO  c.n.e.r.AbstractInstanceRegistry - Cancelled instance NOTIFICATION-SERVICE/LAPTOP-U7LUUEEE.mshome.net:notification-service:6068 (replication=false)
2026-05-18 08:54:07,408 [,] [http-nio-6059-exec-8] INFO  c.n.e.r.AbstractInstanceRegistry - Registered instance NOTIFICATION-SERVICE/LAPTOP-U7LUUEEE.mshome.net:notification-service:6068 with status UP (replication=false)
2026-05-18 08:54:10,360 [,] [http-nio-6059-exec-7] INFO  c.n.e.r.AbstractInstanceRegistry - Registered instance NOTIFICATION-SERVICE/LAPTOP-U7LUUEEE.mshome.net:notification-service:6068 with status DOWN (replication=false)
2026-05-18 08:54:10,405 [,] [http-nio-6059-exec-9] INFO  c.n.e.r.AbstractInstanceRegistry - Registered instance PRODUCT-SERVICE/LAPTOP-U7LUUEEE.mshome.net:product-service:6067 with status DOWN (replication=false)
2026-05-18 08:54:13,628 [,] [http-nio-6059-exec-3] INFO  c.n.e.r.AbstractInstanceRegistry - Cancelled instance PRODUCT-SERVICE/LAPTOP-U7LUUEEE.mshome.net:product-service:6067 (replication=false)
2026-05-18 08:54:13,972 [,] [http-nio-6059-exec-10] INFO  c.n.e.r.AbstractInstanceRegistry - Cancelled instance NOTIFICATION-SERVICE/LAPTOP-U7LUUEEE.mshome.net:notification-service:6068 (replication=false)
2026-05-18 08:54:14,163 [,] [Eureka-EvictionTimer] INFO  c.n.e.r.AbstractInstanceRegistry - Running the evict task with compensationTime 10ms
2026-05-18 08:54:19,013 [,] [http-nio-6059-exec-9] INFO  c.n.e.r.AbstractInstanceRegistry - Registered instance ORDER-SERVICE/LAPTOP-U7LUUEEE.mshome.net:order-service:6065 with status UP (replication=false)
2026-05-18 08:54:29,087 [,] [http-nio-6059-exec-4] INFO  c.n.e.r.AbstractInstanceRegistry - Registered instance NOTIFICATION-SERVICE/LAPTOP-U7LUUEEE.mshome.net:notification-service:6068 with status UP (replication=false)
2026-05-18 08:54:31,719 [,] [http-nio-6059-exec-2] INFO  c.n.e.r.AbstractInstanceRegistry - Registered instance NOTIFICATION-SERVICE/LAPTOP-U7LUUEEE.mshome.net:notification-service:6068 with status DOWN (replication=false)
2026-05-18 08:54:33,057 [,] [http-nio-6059-exec-5] INFO  c.n.e.r.AbstractInstanceRegistry - Registered instance ORDER-SERVICE/LAPTOP-U7LUUEEE.mshome.net:order-service:6065 with status DOWN (replication=false)
2026-05-18 08:54:36,139 [,] [http-nio-6059-exec-6] INFO  c.n.e.r.AbstractInstanceRegistry - Cancelled instance NOTIFICATION-SERVICE/LAPTOP-U7LUUEEE.mshome.net:notification-service:6068 (replication=false)
2026-05-18 08:54:36,207 [,] [http-nio-6059-exec-8] INFO  c.n.e.r.AbstractInstanceRegistry - Cancelled instance ORDER-SERVICE/LAPTOP-U7LUUEEE.mshome.net:order-service:6065 (replication=false)
2026-05-18 08:54:53,084 [,] [http-nio-6059-exec-5] INFO  c.n.e.r.AbstractInstanceRegistry - Registered instance NOTIFICATION-SERVICE/LAPTOP-U7LUUEEE.mshome.net:notification-service:6068 with status UP (replication=false)
2026-05-18 08:54:53,235 [,] [http-nio-6059-exec-8] INFO  c.n.e.r.AbstractInstanceRegistry - Registered instance PRODUCT-SERVICE/LAPTOP-U7LUUEEE.mshome.net:product-service:6067 with status UP (replication=false)
2026-05-18 08:54:53,378 [,] [http-nio-6059-exec-7] INFO  c.n.e.r.AbstractInstanceRegistry - Registered instance ORDER-SERVICE/LAPTOP-U7LUUEEE.mshome.net:order-service:6065 with status UP (replication=false)
2026-05-18 08:54:54,600 [,] [http-nio-6059-exec-3] INFO  c.n.e.r.AbstractInstanceRegistry - Registered instance NOTIFICATION-SERVICE/LAPTOP-U7LUUEEE.mshome.net:notification-service:6068 with status DOWN (replication=false)
2026-05-18 08:54:57,654 [,] [http-nio-6059-exec-4] INFO  c.n.e.r.AbstractInstanceRegistry - Cancelled instance NOTIFICATION-SERVICE/LAPTOP-U7LUUEEE.mshome.net:notification-service:6068 (replication=false)
2026-05-18 08:55:03,751 [,] [http-nio-6059-exec-6] INFO  c.n.e.r.AbstractInstanceRegistry - Registered instance ORDER-SERVICE/LAPTOP-U7LUUEEE.mshome.net:order-service:6065 with status DOWN (replication=false)
2026-05-18 08:55:04,539 [,] [http-nio-6059-exec-8] INFO  c.n.e.r.AbstractInstanceRegistry - Registered instance PRODUCT-SERVICE/LAPTOP-U7LUUEEE.mshome.net:product-service:6067 with status DOWN (replication=false)
2026-05-18 08:55:07,154 [,] [http-nio-6059-exec-9] INFO  c.n.e.r.AbstractInstanceRegistry - Cancelled instance ORDER-SERVICE/LAPTOP-U7LUUEEE.mshome.net:order-service:6065 (replication=false)
2026-05-18 08:55:07,618 [,] [http-nio-6059-exec-4] INFO  c.n.e.r.AbstractInstanceRegistry - Cancelled instance PRODUCT-SERVICE/LAPTOP-U7LUUEEE.mshome.net:product-service:6067 (replication=false)
2026-05-18 08:55:12,447 [,] [http-nio-6059-exec-5] INFO  c.n.e.r.AbstractInstanceRegistry - Registered instance NOTIFICATION-SERVICE/LAPTOP-U7LUUEEE.mshome.net:notification-service:6068 with status UP (replication=false)
2026-05-18 08:55:14,172 [,] [Eureka-EvictionTimer] INFO  c.n.e.r.AbstractInstanceRegistry - Running the evict task with compensationTime 9ms
2026-05-18 08:55:27,013 [,] [http-nio-6059-exec-9] INFO  c.n.e.r.AbstractInstanceRegistry - Registered instance NOTIFICATION-SERVICE/LAPTOP-U7LUUEEE.mshome.net:notification-service:6068 with status DOWN (replication=false)
2026-05-18 08:55:35,760 [,] [http-nio-6059-exec-4] INFO  c.n.e.r.AbstractInstanceRegistry - Cancelled instance NOTIFICATION-SERVICE/LAPTOP-U7LUUEEE.mshome.net:notification-service:6068 (replication=false)
2026-05-18 08:56:11,788 [,] [http-nio-6059-exec-7] INFO  c.n.e.r.AbstractInstanceRegistry - Registered instance NOTIFICATION-SERVICE/LAPTOP-U7LUUEEE.mshome.net:notification-service:6068 with status UP (replication=false)
2026-05-18 08:56:14,162 [,] [Eureka-PeerNodesUpdater] WARN  c.n.eureka.cluster.PeerEurekaNodes - The replica size seems to be empty. Check the route 53 DNS Registry
2026-05-18 08:56:14,179 [,] [Eureka-EvictionTimer] INFO  c.n.e.r.AbstractInstanceRegistry - Running the evict task with compensationTime 7ms
2026-05-18 08:56:19,783 [,] [http-nio-6059-exec-1] INFO  c.n.e.r.AbstractInstanceRegistry - Registered instance PRODUCT-SERVICE/LAPTOP-U7LUUEEE.mshome.net:product-service:6067 with status UP (replication=false)
2026-05-18 08:56:21,729 [,] [http-nio-6059-exec-2] INFO  c.n.e.r.AbstractInstanceRegistry - Registered instance PRODUCT-SERVICE/LAPTOP-U7LUUEEE.mshome.net:product-service:6067 with status DOWN (replication=false)
2026-05-18 08:56:22,171 [,] [http-nio-6059-exec-5] INFO  c.n.e.r.AbstractInstanceRegistry - Registered instance NOTIFICATION-SERVICE/LAPTOP-U7LUUEEE.mshome.net:notification-service:6068 with status DOWN (replication=false)
2026-05-18 08:56:25,225 [,] [http-nio-6059-exec-6] INFO  c.n.e.r.AbstractInstanceRegistry - Cancelled instance NOTIFICATION-SERVICE/LAPTOP-U7LUUEEE.mshome.net:notification-service:6068 (replication=false)
2026-05-18 08:56:26,071 [,] [http-nio-6059-exec-7] INFO  c.n.e.r.AbstractInstanceRegistry - Cancelled instance PRODUCT-SERVICE/LAPTOP-U7LUUEEE.mshome.net:product-service:6067 (replication=false)
2026-05-18 08:56:31,543 [,] [http-nio-6059-exec-5] INFO  c.n.e.r.AbstractInstanceRegistry - Registered instance ORDER-SERVICE/LAPTOP-U7LUUEEE.mshome.net:order-service:6065 with status UP (replication=false)
2026-05-18 08:56:31,850 [,] [http-nio-6059-exec-9] INFO  c.n.e.r.AbstractInstanceRegistry - Registered instance NOTIFICATION-SERVICE/LAPTOP-U7LUUEEE.mshome.net:notification-service:6068 with status UP (replication=false)
2026-05-18 08:56:37,218 [,] [http-nio-6059-exec-8] INFO  c.n.e.r.AbstractInstanceRegistry - Registered instance ORDER-SERVICE/LAPTOP-U7LUUEEE.mshome.net:order-service:6065 with status DOWN (replication=false)
2026-05-18 08:56:40,323 [,] [http-nio-6059-exec-7] INFO  c.n.e.r.AbstractInstanceRegistry - Cancelled instance ORDER-SERVICE/LAPTOP-U7LUUEEE.mshome.net:order-service:6065 (replication=false)
2026-05-18 08:56:42,987 [,] [http-nio-6059-exec-10] INFO  c.n.e.r.AbstractInstanceRegistry - Registered instance NOTIFICATION-SERVICE/LAPTOP-U7LUUEEE.mshome.net:notification-service:6068 with status DOWN (replication=false)
2026-05-18 08:56:46,348 [,] [http-nio-6059-exec-2] INFO  c.n.e.r.AbstractInstanceRegistry - Cancelled instance NOTIFICATION-SERVICE/LAPTOP-U7LUUEEE.mshome.net:notification-service:6068 (replication=false)
2026-05-18 08:56:58,013 [,] [http-nio-6059-exec-7] INFO  c.n.e.r.AbstractInstanceRegistry - Registered instance ORDER-SERVICE/LAPTOP-U7LUUEEE.mshome.net:order-service:6065 with status UP (replication=false)
2026-05-18 08:56:58,469 [,] [http-nio-6059-exec-4] INFO  c.n.e.r.AbstractInstanceRegistry - Registered instance NOTIFICATION-SERVICE/LAPTOP-U7LUUEEE.mshome.net:notification-service:6068 with status UP (replication=false)
2026-05-18 08:57:13,029 [,] [http-nio-6059-exec-2] INFO  c.n.e.r.AbstractInstanceRegistry - Registered instance NOTIFICATION-SERVICE/LAPTOP-U7LUUEEE.mshome.net:notification-service:6068 with status DOWN (replication=false)
2026-05-18 08:57:13,104 [,] [http-nio-6059-exec-6] INFO  c.n.e.r.AbstractInstanceRegistry - Registered instance ORDER-SERVICE/LAPTOP-U7LUUEEE.mshome.net:order-service:6065 with status DOWN (replication=false)
2026-05-18 08:57:14,184 [,] [Eureka-EvictionTimer] INFO  c.n.e.r.AbstractInstanceRegistry - Running the evict task with compensationTime 4ms
2026-05-18 08:57:16,142 [,] [http-nio-6059-exec-9] INFO  c.n.e.r.AbstractInstanceRegistry - Cancelled instance ORDER-SERVICE/LAPTOP-U7LUUEEE.mshome.net:order-service:6065 (replication=false)
2026-05-18 08:57:16,200 [,] [http-nio-6059-exec-4] INFO  c.n.e.r.AbstractInstanceRegistry - Registered instance PRODUCT-SERVICE/LAPTOP-U7LUUEEE.mshome.net:product-service:6067 with status UP (replication=false)
2026-05-18 08:57:16,517 [,] [http-nio-6059-exec-10] INFO  c.n.e.r.AbstractInstanceRegistry - Cancelled instance NOTIFICATION-SERVICE/LAPTOP-U7LUUEEE.mshome.net:notification-service:6068 (replication=false)
2026-05-18 08:57:20,413 [,] [http-nio-6059-exec-9] INFO  c.n.e.r.AbstractInstanceRegistry - Registered instance NOTIFICATION-SERVICE/LAPTOP-U7LUUEEE.mshome.net:notification-service:6068 with status UP (replication=false)
2026-05-18 08:57:20,574 [,] [http-nio-6059-exec-7] INFO  c.n.e.r.AbstractInstanceRegistry - Registered instance ORDER-SERVICE/LAPTOP-U7LUUEEE.mshome.net:order-service:6065 with status UP (replication=false)
2026-05-18 08:57:22,652 [,] [http-nio-6059-exec-3] INFO  c.n.e.r.AbstractInstanceRegistry - Registered instance NOTIFICATION-SERVICE/LAPTOP-U7LUUEEE.mshome.net:notification-service:6068 with status DOWN (replication=false)
2026-05-18 08:57:22,669 [,] [http-nio-6059-exec-4] INFO  c.n.e.r.AbstractInstanceRegistry - Registered instance ORDER-SERVICE/LAPTOP-U7LUUEEE.mshome.net:order-service:6065 with status DOWN (replication=false)
2026-05-18 08:57:22,845 [,] [http-nio-6059-exec-10] INFO  c.n.e.r.AbstractInstanceRegistry - Registered instance PRODUCT-SERVICE/LAPTOP-U7LUUEEE.mshome.net:product-service:6067 with status DOWN (replication=false)
2026-05-18 08:57:25,703 [,] [http-nio-6059-exec-1] INFO  c.n.e.r.AbstractInstanceRegistry - Cancelled instance ORDER-SERVICE/LAPTOP-U7LUUEEE.mshome.net:order-service:6065 (replication=false)
2026-05-18 08:57:26,129 [,] [http-nio-6059-exec-5] INFO  c.n.e.r.AbstractInstanceRegistry - Cancelled instance PRODUCT-SERVICE/LAPTOP-U7LUUEEE.mshome.net:product-service:6067 (replication=false)
2026-05-18 08:57:26,168 [,] [http-nio-6059-exec-9] INFO  c.n.e.r.AbstractInstanceRegistry - Cancelled instance NOTIFICATION-SERVICE/LAPTOP-U7LUUEEE.mshome.net:notification-service:6068 (replication=false)
2026-05-18 08:57:39,714 [,] [http-nio-6059-exec-4] INFO  c.n.e.r.AbstractInstanceRegistry - Registered instance NOTIFICATION-SERVICE/LAPTOP-U7LUUEEE.mshome.net:notification-service:6068 with status UP (replication=false)
2026-05-18 08:57:41,144 [,] [http-nio-6059-exec-2] INFO  c.n.e.r.AbstractInstanceRegistry - Registered instance ORDER-SERVICE/LAPTOP-U7LUUEEE.mshome.net:order-service:6065 with status UP (replication=false)
2026-05-18 08:57:50,204 [,] [http-nio-6059-exec-9] INFO  c.n.e.r.AbstractInstanceRegistry - Registered instance ORDER-SERVICE/LAPTOP-U7LUUEEE.mshome.net:order-service:6065 with status DOWN (replication=false)
2026-05-18 08:57:50,228 [,] [http-nio-6059-exec-6] INFO  c.n.e.r.AbstractInstanceRegistry - Registered instance NOTIFICATION-SERVICE/LAPTOP-U7LUUEEE.mshome.net:notification-service:6068 with status DOWN (replication=false)
2026-05-18 08:57:53,413 [,] [http-nio-6059-exec-8] INFO  c.n.e.r.AbstractInstanceRegistry - Cancelled instance ORDER-SERVICE/LAPTOP-U7LUUEEE.mshome.net:order-service:6065 (replication=false)
2026-05-18 08:57:54,696 [,] [http-nio-6059-exec-4] INFO  c.n.e.r.AbstractInstanceRegistry - Cancelled instance NOTIFICATION-SERVICE/LAPTOP-U7LUUEEE.mshome.net:notification-service:6068 (replication=false)
2026-05-18 08:58:13,040 [,] [http-nio-6059-exec-2] INFO  c.n.e.r.AbstractInstanceRegistry - Registered instance NOTIFICATION-SERVICE/LAPTOP-U7LUUEEE.mshome.net:notification-service:6068 with status UP (replication=false)
2026-05-18 08:58:14,191 [,] [Eureka-EvictionTimer] INFO  c.n.e.r.AbstractInstanceRegistry - Running the evict task with compensationTime 6ms
2026-05-18 08:58:15,531 [,] [http-nio-6059-exec-9] INFO  c.n.e.r.AbstractInstanceRegistry - Registered instance NOTIFICATION-SERVICE/LAPTOP-U7LUUEEE.mshome.net:notification-service:6068 with status DOWN (replication=false)
2026-05-18 08:58:15,782 [,] [http-nio-6059-exec-6] INFO  c.n.e.r.AbstractInstanceRegistry - Registered instance ORDER-SERVICE/LAPTOP-U7LUUEEE.mshome.net:order-service:6065 with status UP (replication=false)
2026-05-18 08:58:18,623 [,] [http-nio-6059-exec-4] INFO  c.n.e.r.AbstractInstanceRegistry - Registered instance PRODUCT-SERVICE/LAPTOP-U7LUUEEE.mshome.net:product-service:6067 with status UP (replication=false)
2026-05-18 08:58:18,680 [,] [http-nio-6059-exec-7] INFO  c.n.e.r.AbstractInstanceRegistry - Cancelled instance NOTIFICATION-SERVICE/LAPTOP-U7LUUEEE.mshome.net:notification-service:6068 (replication=false)
2026-05-18 08:58:33,155 [,] [http-nio-6059-exec-6] INFO  c.n.e.r.AbstractInstanceRegistry - Registered instance NOTIFICATION-SERVICE/LAPTOP-U7LUUEEE.mshome.net:notification-service:6068 with status UP (replication=false)
2026-05-18 08:59:14,200 [,] [Eureka-EvictionTimer] INFO  c.n.e.r.AbstractInstanceRegistry - Running the evict task with compensationTime 9ms
2026-05-18 08:59:27,543 [,] [http-nio-6059-exec-8] INFO  c.n.e.r.AbstractInstanceRegistry - Registered instance NOTIFICATION-SERVICE/LAPTOP-U7LUUEEE.mshome.net:notification-service:6068 with status DOWN (replication=false)
2026-05-18 08:59:27,918 [,] [http-nio-6059-exec-6] INFO  c.n.e.r.AbstractInstanceRegistry - Registered instance PRODUCT-SERVICE/LAPTOP-U7LUUEEE.mshome.net:product-service:6067 with status DOWN (replication=false)
2026-05-18 08:59:28,324 [,] [http-nio-6059-exec-4] INFO  c.n.e.r.AbstractInstanceRegistry - Registered instance ORDER-SERVICE/LAPTOP-U7LUUEEE.mshome.net:order-service:6065 with status DOWN (replication=false)
2026-05-18 08:59:31,158 [,] [http-nio-6059-exec-3] INFO  c.n.e.r.AbstractInstanceRegistry - Cancelled instance PRODUCT-SERVICE/LAPTOP-U7LUUEEE.mshome.net:product-service:6067 (replication=false)
2026-05-18 08:59:31,219 [,] [http-nio-6059-exec-7] INFO  c.n.e.r.AbstractInstanceRegistry - Cancelled instance NOTIFICATION-SERVICE/LAPTOP-U7LUUEEE.mshome.net:notification-service:6068 (replication=false)
2026-05-18 08:59:31,459 [,] [http-nio-6059-exec-5] INFO  c.n.e.r.AbstractInstanceRegistry - Cancelled instance ORDER-SERVICE/LAPTOP-U7LUUEEE.mshome.net:order-service:6065 (replication=false)
2026-05-18 08:59:40,239 [,] [http-nio-6059-exec-10] INFO  c.n.e.r.AbstractInstanceRegistry - Registered instance NOTIFICATION-SERVICE/LAPTOP-U7LUUEEE.mshome.net:notification-service:6068 with status UP (replication=false)
2026-05-18 08:59:41,827 [,] [http-nio-6059-exec-9] INFO  c.n.e.r.AbstractInstanceRegistry - Registered instance NOTIFICATION-SERVICE/LAPTOP-U7LUUEEE.mshome.net:notification-service:6068 with status DOWN (replication=false)
2026-05-18 08:59:41,860 [,] [http-nio-6059-exec-1] INFO  c.n.e.r.AbstractInstanceRegistry - Registered instance ORDER-SERVICE/LAPTOP-U7LUUEEE.mshome.net:order-service:6065 with status UP (replication=false)
2026-05-18 08:59:44,169 [,] [http-nio-6059-exec-8] INFO  c.n.e.r.AbstractInstanceRegistry - Registered instance PRODUCT-SERVICE/LAPTOP-U7LUUEEE.mshome.net:product-service:6067 with status UP (replication=false)
2026-05-18 08:59:44,997 [,] [http-nio-6059-exec-4] INFO  c.n.e.r.AbstractInstanceRegistry - Cancelled instance NOTIFICATION-SERVICE/LAPTOP-U7LUUEEE.mshome.net:notification-service:6068 (replication=false)
2026-05-18 08:59:46,495 [,] [http-nio-6059-exec-10] INFO  c.n.e.r.AbstractInstanceRegistry - Registered instance PRODUCT-SERVICE/LAPTOP-U7LUUEEE.mshome.net:product-service:6067 with status DOWN (replication=false)
2026-05-18 08:59:46,793 [,] [http-nio-6059-exec-2] INFO  c.n.e.r.AbstractInstanceRegistry - Registered instance ORDER-SERVICE/LAPTOP-U7LUUEEE.mshome.net:order-service:6065 with status DOWN (replication=false)
2026-05-18 08:59:49,825 [,] [http-nio-6059-exec-1] INFO  c.n.e.r.AbstractInstanceRegistry - Cancelled instance ORDER-SERVICE/LAPTOP-U7LUUEEE.mshome.net:order-service:6065 (replication=false)
2026-05-18 08:59:49,903 [,] [http-nio-6059-exec-6] INFO  c.n.e.r.AbstractInstanceRegistry - Cancelled instance PRODUCT-SERVICE/LAPTOP-U7LUUEEE.mshome.net:product-service:6067 (replication=false)
2026-05-18 08:59:52,404 [,] [http-nio-6059-exec-10] INFO  c.n.e.r.AbstractInstanceRegistry - Registered instance NOTIFICATION-SERVICE/LAPTOP-U7LUUEEE.mshome.net:notification-service:6068 with status UP (replication=false)
2026-05-18 08:59:55,166 [,] [http-nio-6059-exec-2] INFO  c.n.e.r.AbstractInstanceRegistry - Registered instance NOTIFICATION-SERVICE/LAPTOP-U7LUUEEE.mshome.net:notification-service:6068 with status DOWN (replication=false)
2026-05-18 08:59:58,460 [,] [http-nio-6059-exec-1] INFO  c.n.e.r.AbstractInstanceRegistry - Registered instance ORDER-SERVICE/LAPTOP-U7LUUEEE.mshome.net:order-service:6065 with status UP (replication=false)
2026-05-18 08:59:59,464 [,] [http-nio-6059-exec-5] INFO  c.n.e.r.AbstractInstanceRegistry - Cancelled instance NOTIFICATION-SERVICE/LAPTOP-U7LUUEEE.mshome.net:notification-service:6068 (replication=false)
2026-05-18 09:00:00,004 [,] [http-nio-6059-exec-4] INFO  c.n.e.r.AbstractInstanceRegistry - Registered instance PRODUCT-SERVICE/LAPTOP-U7LUUEEE.mshome.net:product-service:6067 with status UP (replication=false)
2026-05-18 09:00:00,412 [,] [http-nio-6059-exec-3] INFO  c.n.e.r.AbstractInstanceRegistry - Registered instance ORDER-SERVICE/LAPTOP-U7LUUEEE.mshome.net:order-service:6065 with status DOWN (replication=false)
2026-05-18 09:00:01,654 [,] [http-nio-6059-exec-10] INFO  c.n.e.r.AbstractInstanceRegistry - Registered instance PRODUCT-SERVICE/LAPTOP-U7LUUEEE.mshome.net:product-service:6067 with status DOWN (replication=false)
2026-05-18 09:00:03,571 [,] [http-nio-6059-exec-9] INFO  c.n.e.r.AbstractInstanceRegistry - Cancelled instance ORDER-SERVICE/LAPTOP-U7LUUEEE.mshome.net:order-service:6065 (replication=false)
2026-05-18 09:00:05,197 [,] [http-nio-6059-exec-8] INFO  c.n.e.r.AbstractInstanceRegistry - Cancelled instance PRODUCT-SERVICE/LAPTOP-U7LUUEEE.mshome.net:product-service:6067 (replication=false)
2026-05-18 09:00:09,480 [,] [http-nio-6059-exec-10] INFO  c.n.e.r.AbstractInstanceRegistry - Registered instance NOTIFICATION-SERVICE/LAPTOP-U7LUUEEE.mshome.net:notification-service:6068 with status UP (replication=false)
2026-05-18 09:00:11,035 [,] [http-nio-6059-exec-2] INFO  c.n.e.r.AbstractInstanceRegistry - Registered instance NOTIFICATION-SERVICE/LAPTOP-U7LUUEEE.mshome.net:notification-service:6068 with status DOWN (replication=false)
2026-05-18 09:00:12,780 [,] [http-nio-6059-exec-5] INFO  c.n.e.r.AbstractInstanceRegistry - Registered instance ORDER-SERVICE/LAPTOP-U7LUUEEE.mshome.net:order-service:6065 with status UP (replication=false)
2026-05-18 09:00:14,205 [,] [Eureka-EvictionTimer] INFO  c.n.e.r.AbstractInstanceRegistry - Running the evict task with compensationTime 4ms
2026-05-18 09:00:14,283 [,] [http-nio-6059-exec-1] INFO  c.n.e.r.AbstractInstanceRegistry - Cancelled instance NOTIFICATION-SERVICE/LAPTOP-U7LUUEEE.mshome.net:notification-service:6068 (replication=false)
2026-05-18 09:00:16,106 [,] [http-nio-6059-exec-3] INFO  c.n.e.r.AbstractInstanceRegistry - Registered instance PRODUCT-SERVICE/LAPTOP-U7LUUEEE.mshome.net:product-service:6067 with status UP (replication=false)
2026-05-18 09:00:19,961 [,] [http-nio-6059-exec-2] INFO  c.n.e.r.AbstractInstanceRegistry - Registered instance ORDER-SERVICE/LAPTOP-U7LUUEEE.mshome.net:order-service:6065 with status DOWN (replication=false)
2026-05-18 09:00:20,702 [,] [http-nio-6059-exec-9] INFO  c.n.e.r.AbstractInstanceRegistry - Registered instance PRODUCT-SERVICE/LAPTOP-U7LUUEEE.mshome.net:product-service:6067 with status DOWN (replication=false)
2026-05-18 09:00:23,371 [,] [http-nio-6059-exec-5] INFO  c.n.e.r.AbstractInstanceRegistry - Cancelled instance ORDER-SERVICE/LAPTOP-U7LUUEEE.mshome.net:order-service:6065 (replication=false)
2026-05-18 09:00:24,288 [,] [http-nio-6059-exec-4] INFO  c.n.e.r.AbstractInstanceRegistry - Registered instance NOTIFICATION-SERVICE/LAPTOP-U7LUUEEE.mshome.net:notification-service:6068 with status UP (replication=false)
2026-05-18 09:00:25,065 [,] [http-nio-6059-exec-7] INFO  c.n.e.r.AbstractInstanceRegistry - Cancelled instance PRODUCT-SERVICE/LAPTOP-U7LUUEEE.mshome.net:product-service:6067 (replication=false)
2026-05-18 09:00:26,440 [,] [http-nio-6059-exec-2] INFO  c.n.e.r.AbstractInstanceRegistry - Registered instance NOTIFICATION-SERVICE/LAPTOP-U7LUUEEE.mshome.net:notification-service:6068 with status DOWN (replication=false)
2026-05-18 09:00:30,170 [,] [http-nio-6059-exec-9] INFO  c.n.e.r.AbstractInstanceRegistry - Cancelled instance NOTIFICATION-SERVICE/LAPTOP-U7LUUEEE.mshome.net:notification-service:6068 (replication=false)
2026-05-18 09:00:34,585 [,] [http-nio-6059-exec-3] INFO  c.n.e.r.AbstractInstanceRegistry - Registered instance ORDER-SERVICE/LAPTOP-U7LUUEEE.mshome.net:order-service:6065 with status UP (replication=false)
2026-05-18 09:00:38,332 [,] [http-nio-6059-exec-2] INFO  c.n.e.r.AbstractInstanceRegistry - Registered instance PRODUCT-SERVICE/LAPTOP-U7LUUEEE.mshome.net:product-service:6067 with status UP (replication=false)
2026-05-18 09:00:38,882 [,] [http-nio-6059-exec-6] INFO  c.n.e.r.AbstractInstanceRegistry - Registered instance NOTIFICATION-SERVICE/LAPTOP-U7LUUEEE.mshome.net:notification-service:6068 with status UP (replication=false)
2026-05-18 09:00:41,332 [,] [http-nio-6059-exec-5] INFO  c.n.e.r.AbstractInstanceRegistry - Registered instance NOTIFICATION-SERVICE/LAPTOP-U7LUUEEE.mshome.net:notification-service:6068 with status DOWN (replication=false)
2026-05-18 09:00:41,457 [,] [http-nio-6059-exec-1] INFO  c.n.e.r.AbstractInstanceRegistry - Registered instance ORDER-SERVICE/LAPTOP-U7LUUEEE.mshome.net:order-service:6065 with status DOWN (replication=false)
2026-05-18 09:00:41,751 [,] [http-nio-6059-exec-8] INFO  c.n.e.r.AbstractInstanceRegistry - Registered instance PRODUCT-SERVICE/LAPTOP-U7LUUEEE.mshome.net:product-service:6067 with status DOWN (replication=false)
2026-05-18 09:00:44,591 [,] [http-nio-6059-exec-4] INFO  c.n.e.r.AbstractInstanceRegistry - Cancelled instance NOTIFICATION-SERVICE/LAPTOP-U7LUUEEE.mshome.net:notification-service:6068 (replication=false)
2026-05-18 09:00:44,682 [,] [http-nio-6059-exec-10] INFO  c.n.e.r.AbstractInstanceRegistry - Cancelled instance ORDER-SERVICE/LAPTOP-U7LUUEEE.mshome.net:order-service:6065 (replication=false)
2026-05-18 09:00:45,194 [,] [http-nio-6059-exec-5] INFO  c.n.e.r.AbstractInstanceRegistry - Cancelled instance PRODUCT-SERVICE/LAPTOP-U7LUUEEE.mshome.net:product-service:6067 (replication=false)
2026-05-18 09:00:50,142 [,] [http-nio-6059-exec-3] INFO  c.n.e.r.AbstractInstanceRegistry - Registered instance NOTIFICATION-SERVICE/LAPTOP-U7LUUEEE.mshome.net:notification-service:6068 with status UP (replication=false)
2026-05-18 09:00:50,721 [,] [http-nio-6059-exec-2] INFO  c.n.e.r.AbstractInstanceRegistry - Registered instance ORDER-SERVICE/LAPTOP-U7LUUEEE.mshome.net:order-service:6065 with status UP (replication=false)
2026-05-18 09:00:51,865 [,] [http-nio-6059-exec-6] INFO  c.n.e.r.AbstractInstanceRegistry - Registered instance PRODUCT-SERVICE/LAPTOP-U7LUUEEE.mshome.net:product-service:6067 with status UP (replication=false)
2026-05-18 09:00:55,405 [,] [http-nio-6059-exec-5] INFO  c.n.e.r.AbstractInstanceRegistry - Registered instance PRODUCT-SERVICE/LAPTOP-U7LUUEEE.mshome.net:product-service:6067 with status DOWN (replication=false)
2026-05-18 09:00:55,725 [,] [http-nio-6059-exec-1] INFO  c.n.e.r.AbstractInstanceRegistry - Registered instance NOTIFICATION-SERVICE/LAPTOP-U7LUUEEE.mshome.net:notification-service:6068 with status DOWN (replication=false)
2026-05-18 09:00:57,905 [,] [http-nio-6059-exec-8] INFO  c.n.e.r.AbstractInstanceRegistry - Registered instance ORDER-SERVICE/LAPTOP-U7LUUEEE.mshome.net:order-service:6065 with status DOWN (replication=false)
2026-05-18 09:00:58,512 [,] [http-nio-6059-exec-4] INFO  c.n.e.r.AbstractInstanceRegistry - Cancelled instance PRODUCT-SERVICE/LAPTOP-U7LUUEEE.mshome.net:product-service:6067 (replication=false)
2026-05-18 09:00:59,103 [,] [http-nio-6059-exec-10] INFO  c.n.e.r.AbstractInstanceRegistry - Cancelled instance NOTIFICATION-SERVICE/LAPTOP-U7LUUEEE.mshome.net:notification-service:6068 (replication=false)
2026-05-18 09:01:01,765 [,] [http-nio-6059-exec-6] INFO  c.n.e.r.AbstractInstanceRegistry - Cancelled instance ORDER-SERVICE/LAPTOP-U7LUUEEE.mshome.net:order-service:6065 (replication=false)
2026-05-18 09:01:10,154 [,] [http-nio-6059-exec-3] INFO  c.n.e.r.AbstractInstanceRegistry - Registered instance NOTIFICATION-SERVICE/LAPTOP-U7LUUEEE.mshome.net:notification-service:6068 with status UP (replication=false)
2026-05-18 09:01:13,110 [,] [http-nio-6059-exec-9] INFO  c.n.e.r.AbstractInstanceRegistry - Registered instance NOTIFICATION-SERVICE/LAPTOP-U7LUUEEE.mshome.net:notification-service:6068 with status DOWN (replication=false)
2026-05-18 09:01:13,121 [,] [http-nio-6059-exec-2] INFO  c.n.e.r.AbstractInstanceRegistry - Registered instance PRODUCT-SERVICE/LAPTOP-U7LUUEEE.mshome.net:product-service:6067 with status UP (replication=false)
2026-05-18 09:01:13,744 [,] [http-nio-6059-exec-5] INFO  c.n.e.r.AbstractInstanceRegistry - Registered instance ORDER-SERVICE/LAPTOP-U7LUUEEE.mshome.net:order-service:6065 with status UP (replication=false)
2026-05-18 09:01:14,124 [,] [ReplicaAwareInstanceRegistry - RenewalThresholdUpdater] INFO  c.n.e.r.PeerAwareInstanceRegistryImpl - Current renewal threshold is : 10
2026-05-18 09:01:14,215 [,] [Eureka-EvictionTimer] INFO  c.n.e.r.AbstractInstanceRegistry - Running the evict task with compensationTime 11ms
2026-05-18 09:01:16,250 [,] [http-nio-6059-exec-8] INFO  c.n.e.r.AbstractInstanceRegistry - Registered instance PRODUCT-SERVICE/LAPTOP-U7LUUEEE.mshome.net:product-service:6067 with status DOWN (replication=false)
2026-05-18 09:01:16,511 [,] [http-nio-6059-exec-4] INFO  c.n.e.r.AbstractInstanceRegistry - Registered instance ORDER-SERVICE/LAPTOP-U7LUUEEE.mshome.net:order-service:6065 with status DOWN (replication=false)
2026-05-18 09:01:16,761 [,] [http-nio-6059-exec-7] INFO  c.n.e.r.AbstractInstanceRegistry - Cancelled instance NOTIFICATION-SERVICE/LAPTOP-U7LUUEEE.mshome.net:notification-service:6068 (replication=false)
2026-05-18 09:01:19,607 [,] [http-nio-6059-exec-9] INFO  c.n.e.r.AbstractInstanceRegistry - Cancelled instance ORDER-SERVICE/LAPTOP-U7LUUEEE.mshome.net:order-service:6065 (replication=false)
2026-05-18 09:01:19,874 [,] [http-nio-6059-exec-1] INFO  c.n.e.r.AbstractInstanceRegistry - Cancelled instance PRODUCT-SERVICE/LAPTOP-U7LUUEEE.mshome.net:product-service:6067 (replication=false)
2026-05-18 09:01:25,639 [,] [http-nio-6059-exec-3] INFO  c.n.e.r.AbstractInstanceRegistry - Registered instance NOTIFICATION-SERVICE/LAPTOP-U7LUUEEE.mshome.net:notification-service:6068 with status UP (replication=false)
2026-05-18 09:01:28,392 [,] [http-nio-6059-exec-10] INFO  c.n.e.r.AbstractInstanceRegistry - Registered instance NOTIFICATION-SERVICE/LAPTOP-U7LUUEEE.mshome.net:notification-service:6068 with status DOWN (replication=false)
2026-05-18 09:01:31,135 [,] [http-nio-6059-exec-6] INFO  c.n.e.r.AbstractInstanceRegistry - Registered instance ORDER-SERVICE/LAPTOP-U7LUUEEE.mshome.net:order-service:6065 with status UP (replication=false)
2026-05-18 09:01:32,220 [,] [http-nio-6059-exec-5] INFO  c.n.e.r.AbstractInstanceRegistry - Registered instance PRODUCT-SERVICE/LAPTOP-U7LUUEEE.mshome.net:product-service:6067 with status UP (replication=false)
2026-05-18 09:01:32,684 [,] [http-nio-6059-exec-4] INFO  c.n.e.r.AbstractInstanceRegistry - Cancelled instance NOTIFICATION-SERVICE/LAPTOP-U7LUUEEE.mshome.net:notification-service:6068 (replication=false)
2026-05-18 09:01:36,533 [,] [http-nio-6059-exec-10] INFO  c.n.e.r.AbstractInstanceRegistry - Registered instance ORDER-SERVICE/LAPTOP-U7LUUEEE.mshome.net:order-service:6065 with status DOWN (replication=false)
2026-05-18 09:01:37,154 [,] [http-nio-6059-exec-9] INFO  c.n.e.r.AbstractInstanceRegistry - Registered instance PRODUCT-SERVICE/LAPTOP-U7LUUEEE.mshome.net:product-service:6067 with status DOWN (replication=false)
2026-05-18 09:01:39,863 [,] [http-nio-6059-exec-6] INFO  c.n.e.r.AbstractInstanceRegistry - Cancelled instance ORDER-SERVICE/LAPTOP-U7LUUEEE.mshome.net:order-service:6065 (replication=false)
2026-05-18 09:01:40,330 [,] [http-nio-6059-exec-1] INFO  c.n.e.r.AbstractInstanceRegistry - Cancelled instance PRODUCT-SERVICE/LAPTOP-U7LUUEEE.mshome.net:product-service:6067 (replication=false)
2026-05-18 09:01:43,982 [,] [http-nio-6059-exec-3] INFO  c.n.e.r.AbstractInstanceRegistry - Registered instance NOTIFICATION-SERVICE/LAPTOP-U7LUUEEE.mshome.net:notification-service:6068 with status UP (replication=false)
2026-05-18 09:01:45,496 [,] [http-nio-6059-exec-9] INFO  c.n.e.r.AbstractInstanceRegistry - Registered instance NOTIFICATION-SERVICE/LAPTOP-U7LUUEEE.mshome.net:notification-service:6068 with status DOWN (replication=false)
2026-05-18 09:01:49,143 [,] [http-nio-6059-exec-6] INFO  c.n.e.r.AbstractInstanceRegistry - Cancelled instance NOTIFICATION-SERVICE/LAPTOP-U7LUUEEE.mshome.net:notification-service:6068 (replication=false)
2026-05-18 09:01:49,376 [,] [http-nio-6059-exec-4] INFO  c.n.e.r.AbstractInstanceRegistry - Registered instance ORDER-SERVICE/LAPTOP-U7LUUEEE.mshome.net:order-service:6065 with status UP (replication=false)
2026-05-18 09:01:51,501 [,] [http-nio-6059-exec-3] INFO  c.n.e.r.AbstractInstanceRegistry - Registered instance PRODUCT-SERVICE/LAPTOP-U7LUUEEE.mshome.net:product-service:6067 with status UP (replication=false)
2026-05-18 09:01:51,635 [,] [http-nio-6059-exec-10] INFO  c.n.e.r.AbstractInstanceRegistry - Registered instance ORDER-SERVICE/LAPTOP-U7LUUEEE.mshome.net:order-service:6065 with status DOWN (replication=false)
2026-05-18 09:01:54,231 [,] [http-nio-6059-exec-9] INFO  c.n.e.r.AbstractInstanceRegistry - Registered instance PRODUCT-SERVICE/LAPTOP-U7LUUEEE.mshome.net:product-service:6067 with status DOWN (replication=false)
2026-05-18 09:01:54,943 [,] [http-nio-6059-exec-6] INFO  c.n.e.r.AbstractInstanceRegistry - Cancelled instance ORDER-SERVICE/LAPTOP-U7LUUEEE.mshome.net:order-service:6065 (replication=false)
2026-05-18 09:01:58,529 [,] [http-nio-6059-exec-1] INFO  c.n.e.r.AbstractInstanceRegistry - Cancelled instance PRODUCT-SERVICE/LAPTOP-U7LUUEEE.mshome.net:product-service:6067 (replication=false)
2026-05-18 09:01:58,723 [,] [http-nio-6059-exec-3] INFO  c.n.e.r.AbstractInstanceRegistry - Registered instance NOTIFICATION-SERVICE/LAPTOP-U7LUUEEE.mshome.net:notification-service:6068 with status UP (replication=false)
2026-05-18 09:02:00,215 [,] [http-nio-6059-exec-10] INFO  c.n.e.r.AbstractInstanceRegistry - Registered instance NOTIFICATION-SERVICE/LAPTOP-U7LUUEEE.mshome.net:notification-service:6068 with status DOWN (replication=false)
2026-05-18 09:02:01,213 [,] [http-nio-6059-exec-6] INFO  c.n.e.r.AbstractInstanceRegistry - Registered instance ORDER-SERVICE/LAPTOP-U7LUUEEE.mshome.net:order-service:6065 with status UP (replication=false)
2026-05-18 09:02:02,960 [,] [http-nio-6059-exec-1] INFO  c.n.e.r.AbstractInstanceRegistry - Registered instance PRODUCT-SERVICE/LAPTOP-U7LUUEEE.mshome.net:product-service:6067 with status UP (replication=false)
2026-05-18 09:02:03,457 [,] [http-nio-6059-exec-8] INFO  c.n.e.r.AbstractInstanceRegistry - Cancelled instance NOTIFICATION-SERVICE/LAPTOP-U7LUUEEE.mshome.net:notification-service:6068 (replication=false)
2026-05-18 09:02:05,913 [,] [http-nio-6059-exec-9] INFO  c.n.e.r.AbstractInstanceRegistry - Registered instance NOTIFICATION-SERVICE/LAPTOP-U7LUUEEE.mshome.net:notification-service:6068 with status UP (replication=false)
2026-05-18 09:02:10,078 [,] [http-nio-6059-exec-5] INFO  c.n.e.r.AbstractInstanceRegistry - Registered instance USER-SERVICE/LAPTOP-U7LUUEEE.mshome.net:user-service:6063 with status UP (replication=false)
2026-05-18 09:02:10,665 [,] [http-nio-6059-exec-2] INFO  c.n.e.r.AbstractInstanceRegistry - Registered instance USER-SERVICE/LAPTOP-U7LUUEEE.mshome.net:user-service:6063 with status DOWN (replication=false)
2026-05-18 09:02:13,759 [,] [http-nio-6059-exec-1] INFO  c.n.e.r.AbstractInstanceRegistry - Cancelled instance USER-SERVICE/LAPTOP-U7LUUEEE.mshome.net:user-service:6063 (replication=false)
2026-05-18 09:02:14,218 [,] [Eureka-EvictionTimer] INFO  c.n.e.r.AbstractInstanceRegistry - Running the evict task with compensationTime 1ms
2026-05-18 09:02:17,189 [,] [http-nio-6059-exec-3] INFO  c.n.e.r.AbstractInstanceRegistry - Registered instance ORDER-SERVICE/LAPTOP-U7LUUEEE.mshome.net:order-service:6065 with status DOWN (replication=false)
2026-05-18 09:02:17,258 [,] [http-nio-6059-exec-10] INFO  c.n.e.r.AbstractInstanceRegistry - Registered instance PRODUCT-SERVICE/LAPTOP-U7LUUEEE.mshome.net:product-service:6067 with status DOWN (replication=false)
2026-05-18 09:02:17,291 [,] [http-nio-6059-exec-9] INFO  c.n.e.r.AbstractInstanceRegistry - Registered instance NOTIFICATION-SERVICE/LAPTOP-U7LUUEEE.mshome.net:notification-service:6068 with status DOWN (replication=false)
2026-05-18 09:02:20,216 [,] [http-nio-6059-exec-6] INFO  c.n.e.r.AbstractInstanceRegistry - Cancelled instance ORDER-SERVICE/LAPTOP-U7LUUEEE.mshome.net:order-service:6065 (replication=false)
2026-05-18 09:02:20,513 [,] [http-nio-6059-exec-8] INFO  c.n.e.r.AbstractInstanceRegistry - Cancelled instance NOTIFICATION-SERVICE/LAPTOP-U7LUUEEE.mshome.net:notification-service:6068 (replication=false)
2026-05-18 09:02:21,027 [,] [http-nio-6059-exec-3] INFO  c.n.e.r.AbstractInstanceRegistry - Cancelled instance PRODUCT-SERVICE/LAPTOP-U7LUUEEE.mshome.net:product-service:6067 (replication=false)
2026-05-18 09:02:26,482 [,] [http-nio-6059-exec-5] INFO  c.n.e.r.AbstractInstanceRegistry - Registered instance NOTIFICATION-SERVICE/LAPTOP-U7LUUEEE.mshome.net:notification-service:6068 with status UP (replication=false)
2026-05-18 09:02:30,266 [,] [http-nio-6059-exec-2] INFO  c.n.e.r.AbstractInstanceRegistry - Registered instance NOTIFICATION-SERVICE/LAPTOP-U7LUUEEE.mshome.net:notification-service:6068 with status DOWN (replication=false)
2026-05-18 09:02:34,665 [,] [http-nio-6059-exec-4] INFO  c.n.e.r.AbstractInstanceRegistry - Cancelled instance NOTIFICATION-SERVICE/LAPTOP-U7LUUEEE.mshome.net:notification-service:6068 (replication=false)
2026-05-18 09:02:39,568 [,] [http-nio-6059-exec-10] INFO  c.n.e.r.AbstractInstanceRegistry - Registered instance NOTIFICATION-SERVICE/LAPTOP-U7LUUEEE.mshome.net:notification-service:6068 with status UP (replication=false)
2026-05-18 09:02:41,852 [,] [http-nio-6059-exec-6] INFO  c.n.e.r.AbstractInstanceRegistry - Registered instance NOTIFICATION-SERVICE/LAPTOP-U7LUUEEE.mshome.net:notification-service:6068 with status DOWN (replication=false)
2026-05-18 09:02:45,454 [,] [http-nio-6059-exec-2] INFO  c.n.e.r.AbstractInstanceRegistry - Cancelled instance NOTIFICATION-SERVICE/LAPTOP-U7LUUEEE.mshome.net:notification-service:6068 (replication=false)
2026-05-18 09:02:49,563 [,] [http-nio-6059-exec-7] INFO  c.n.e.r.AbstractInstanceRegistry - Registered instance ORDER-SERVICE/LAPTOP-U7LUUEEE.mshome.net:order-service:6065 with status UP (replication=false)
2026-05-18 09:02:50,339 [,] [http-nio-6059-exec-9] INFO  c.n.e.r.AbstractInstanceRegistry - Registered instance PRODUCT-SERVICE/LAPTOP-U7LUUEEE.mshome.net:product-service:6067 with status UP (replication=false)
2026-05-18 09:02:50,550 [,] [http-nio-6059-exec-5] INFO  c.n.e.r.AbstractInstanceRegistry - Registered instance NOTIFICATION-SERVICE/LAPTOP-U7LUUEEE.mshome.net:notification-service:6068 with status UP (replication=false)
2026-05-18 09:03:05,599 [,] [http-nio-6059-exec-1] INFO  c.n.e.r.AbstractInstanceRegistry - Registered instance NOTIFICATION-SERVICE/LAPTOP-U7LUUEEE.mshome.net:notification-service:6068 with status DOWN (replication=false)
2026-05-18 09:03:05,655 [,] [http-nio-6059-exec-4] INFO  c.n.e.r.AbstractInstanceRegistry - Registered instance ORDER-SERVICE/LAPTOP-U7LUUEEE.mshome.net:order-service:6065 with status DOWN (replication=false)
2026-05-18 09:03:05,773 [,] [http-nio-6059-exec-7] INFO  c.n.e.r.AbstractInstanceRegistry - Registered instance PRODUCT-SERVICE/LAPTOP-U7LUUEEE.mshome.net:product-service:6067 with status DOWN (replication=false)
2026-05-18 09:03:08,704 [,] [http-nio-6059-exec-3] INFO  c.n.e.r.AbstractInstanceRegistry - Cancelled instance ORDER-SERVICE/LAPTOP-U7LUUEEE.mshome.net:order-service:6065 (replication=false)
2026-05-18 09:03:08,734 [,] [http-nio-6059-exec-9] INFO  c.n.e.r.AbstractInstanceRegistry - Cancelled instance NOTIFICATION-SERVICE/LAPTOP-U7LUUEEE.mshome.net:notification-service:6068 (replication=false)
2026-05-18 09:03:08,955 [,] [http-nio-6059-exec-8] INFO  c.n.e.r.AbstractInstanceRegistry - Cancelled instance PRODUCT-SERVICE/LAPTOP-U7LUUEEE.mshome.net:product-service:6067 (replication=false)
2026-05-18 09:03:13,092 [,] [http-nio-6059-exec-3] INFO  c.n.e.r.AbstractInstanceRegistry - Registered instance NOTIFICATION-SERVICE/LAPTOP-U7LUUEEE.mshome.net:notification-service:6068 with status UP (replication=false)
2026-05-18 09:03:13,566 [,] [http-nio-6059-exec-10] INFO  c.n.e.r.AbstractInstanceRegistry - Registered instance ORDER-SERVICE/LAPTOP-U7LUUEEE.mshome.net:order-service:6065 with status UP (replication=false)
2026-05-18 09:03:14,218 [,] [Eureka-EvictionTimer] INFO  c.n.e.r.AbstractInstanceRegistry - Running the evict task with compensationTime 0ms
2026-05-18 09:03:14,583 [,] [http-nio-6059-exec-5] INFO  c.n.e.r.AbstractInstanceRegistry - Registered instance PRODUCT-SERVICE/LAPTOP-U7LUUEEE.mshome.net:product-service:6067 with status UP (replication=false)
2026-05-18 09:03:18,320 [,] [http-nio-6059-exec-4] INFO  c.n.e.r.AbstractInstanceRegistry - Registered instance USER-SERVICE/LAPTOP-U7LUUEEE.mshome.net:user-service:6063 with status UP (replication=false)
2026-05-18 09:04:14,226 [,] [Eureka-EvictionTimer] INFO  c.n.e.r.AbstractInstanceRegistry - Running the evict task with compensationTime 7ms
2026-05-18 09:05:14,229 [,] [Eureka-EvictionTimer] INFO  c.n.e.r.AbstractInstanceRegistry - Running the evict task with compensationTime 2ms
2026-05-18 09:06:14,188 [,] [Eureka-PeerNodesUpdater] WARN  c.n.eureka.cluster.PeerEurekaNodes - The replica size seems to be empty. Check the route 53 DNS Registry
2026-05-18 09:06:14,249 [,] [Eureka-EvictionTimer] INFO  c.n.e.r.AbstractInstanceRegistry - Running the evict task with compensationTime 20ms
2026-05-18 09:06:53,941 [,] [http-nio-6059-exec-5] INFO  c.n.e.r.AbstractInstanceRegistry - Registered instance ORDER-SERVICE/LAPTOP-U7LUUEEE.mshome.net:order-service:6065 with status DOWN (replication=false)
2026-05-18 09:06:57,771 [,] [http-nio-6059-exec-10] INFO  c.n.e.r.AbstractInstanceRegistry - Cancelled instance ORDER-SERVICE/LAPTOP-U7LUUEEE.mshome.net:order-service:6065 (replication=false)
2026-05-18 09:07:12,861 [,] [http-nio-6059-exec-3] INFO  c.n.e.r.AbstractInstanceRegistry - Registered instance ORDER-SERVICE/LAPTOP-U7LUUEEE.mshome.net:order-service:6065 with status UP (replication=false)
2026-05-18 09:07:14,259 [,] [Eureka-EvictionTimer] INFO  c.n.e.r.AbstractInstanceRegistry - Running the evict task with compensationTime 10ms
2026-05-18 09:08:12,386 [,] [http-nio-6059-exec-10] INFO  c.n.e.r.AbstractInstanceRegistry - Registered instance ORDER-SERVICE/LAPTOP-U7LUUEEE.mshome.net:order-service:6065 with status DOWN (replication=false)
2026-05-18 09:08:14,274 [,] [Eureka-EvictionTimer] INFO  c.n.e.r.AbstractInstanceRegistry - Running the evict task with compensationTime 14ms
2026-05-18 09:08:17,358 [,] [http-nio-6059-exec-9] INFO  c.n.e.r.AbstractInstanceRegistry - Cancelled instance ORDER-SERVICE/LAPTOP-U7LUUEEE.mshome.net:order-service:6065 (replication=false)
2026-05-18 09:08:30,952 [,] [http-nio-6059-exec-2] INFO  c.n.e.r.AbstractInstanceRegistry - Registered instance ORDER-SERVICE/LAPTOP-U7LUUEEE.mshome.net:order-service:6065 with status UP (replication=false)
2026-05-18 09:09:14,278 [,] [Eureka-EvictionTimer] INFO  c.n.e.r.AbstractInstanceRegistry - Running the evict task with compensationTime 3ms
2026-05-18 09:09:58,854 [,] [http-nio-6059-exec-5] INFO  c.n.e.r.AbstractInstanceRegistry - Registered instance ORDER-SERVICE/LAPTOP-U7LUUEEE.mshome.net:order-service:6065 with status DOWN (replication=false)
2026-05-18 09:10:01,874 [,] [http-nio-6059-exec-4] INFO  c.n.e.r.AbstractInstanceRegistry - Cancelled instance ORDER-SERVICE/LAPTOP-U7LUUEEE.mshome.net:order-service:6065 (replication=false)
2026-05-18 09:10:06,080 [,] [http-nio-6059-exec-3] INFO  c.n.e.r.AbstractInstanceRegistry - Registered instance USER-SERVICE/LAPTOP-U7LUUEEE.mshome.net:user-service:6063 with status DOWN (replication=false)
2026-05-18 09:10:06,211 [,] [http-nio-6059-exec-7] INFO  c.n.e.r.AbstractInstanceRegistry - Registered instance NOTIFICATION-SERVICE/LAPTOP-U7LUUEEE.mshome.net:notification-service:6068 with status DOWN (replication=false)
2026-05-18 09:10:06,361 [,] [http-nio-6059-exec-5] INFO  c.n.e.r.AbstractInstanceRegistry - Registered instance PRODUCT-SERVICE/LAPTOP-U7LUUEEE.mshome.net:product-service:6067 with status DOWN (replication=false)
2026-05-18 09:10:09,244 [,] [http-nio-6059-exec-10] INFO  c.n.e.r.AbstractInstanceRegistry - Cancelled instance NOTIFICATION-SERVICE/LAPTOP-U7LUUEEE.mshome.net:notification-service:6068 (replication=false)
2026-05-18 09:10:09,367 [,] [http-nio-6059-exec-2] INFO  c.n.e.r.AbstractInstanceRegistry - Cancelled instance USER-SERVICE/LAPTOP-U7LUUEEE.mshome.net:user-service:6063 (replication=false)
2026-05-18 09:10:09,865 [,] [http-nio-6059-exec-3] INFO  c.n.e.r.AbstractInstanceRegistry - Cancelled instance PRODUCT-SERVICE/LAPTOP-U7LUUEEE.mshome.net:product-service:6067 (replication=false)
2026-05-18 09:10:12,565 [,] [http-nio-6059-exec-10] INFO  c.n.e.r.AbstractInstanceRegistry - Registered instance NOTIFICATION-SERVICE/LAPTOP-U7LUUEEE.mshome.net:notification-service:6068 with status UP (replication=false)
2026-05-18 09:10:13,207 [,] [http-nio-6059-exec-4] INFO  c.n.e.r.AbstractInstanceRegistry - Registered instance USER-SERVICE/LAPTOP-U7LUUEEE.mshome.net:user-service:6063 with status UP (replication=false)
2026-05-18 09:10:14,290 [,] [Eureka-EvictionTimer] INFO  c.n.e.r.AbstractInstanceRegistry - Running the evict task with compensationTime 11ms
2026-05-18 09:10:16,505 [,] [http-nio-6059-exec-1] INFO  c.n.e.r.AbstractInstanceRegistry - Registered instance PRODUCT-SERVICE/LAPTOP-U7LUUEEE.mshome.net:product-service:6067 with status UP (replication=false)
2026-05-18 09:10:20,725 [,] [http-nio-6059-exec-9] INFO  c.n.e.r.AbstractInstanceRegistry - Registered instance ORDER-SERVICE/LAPTOP-U7LUUEEE.mshome.net:order-service:6065 with status UP (replication=false)
2026-05-18 09:11:14,294 [,] [Eureka-EvictionTimer] INFO  c.n.e.r.AbstractInstanceRegistry - Running the evict task with compensationTime 3ms
2026-05-18 09:12:14,298 [,] [Eureka-EvictionTimer] INFO  c.n.e.r.AbstractInstanceRegistry - Running the evict task with compensationTime 5ms
2026-05-18 09:13:14,309 [,] [Eureka-EvictionTimer] INFO  c.n.e.r.AbstractInstanceRegistry - Running the evict task with compensationTime 9ms
2026-05-18 09:13:45,580 [,] [http-nio-6059-exec-3] INFO  c.n.e.r.AbstractInstanceRegistry - Registered instance ORDER-SERVICE/LAPTOP-U7LUUEEE.mshome.net:order-service:6065 with status DOWN (replication=false)
2026-05-18 09:13:48,692 [,] [http-nio-6059-exec-6] INFO  c.n.e.r.AbstractInstanceRegistry - Cancelled instance ORDER-SERVICE/LAPTOP-U7LUUEEE.mshome.net:order-service:6065 (replication=false)
2026-05-18 09:13:55,611 [,] [http-nio-6059-exec-1] INFO  c.n.e.r.AbstractInstanceRegistry - Registered instance ORDER-SERVICE/LAPTOP-U7LUUEEE.mshome.net:order-service:6065 with status UP (replication=false)
2026-05-18 09:14:14,325 [,] [Eureka-EvictionTimer] INFO  c.n.e.r.AbstractInstanceRegistry - Running the evict task with compensationTime 17ms
2026-05-18 09:15:14,331 [,] [Eureka-EvictionTimer] INFO  c.n.e.r.AbstractInstanceRegistry - Running the evict task with compensationTime 5ms
2026-05-18 09:16:14,137 [,] [ReplicaAwareInstanceRegistry - RenewalThresholdUpdater] INFO  c.n.e.r.PeerAwareInstanceRegistryImpl - Current renewal threshold is : 11
2026-05-18 09:16:14,204 [,] [Eureka-PeerNodesUpdater] WARN  c.n.eureka.cluster.PeerEurekaNodes - The replica size seems to be empty. Check the route 53 DNS Registry
2026-05-18 09:16:14,338 [,] [Eureka-EvictionTimer] INFO  c.n.e.r.AbstractInstanceRegistry - Running the evict task with compensationTime 6ms
2026-05-18 09:17:14,344 [,] [Eureka-EvictionTimer] INFO  c.n.e.r.AbstractInstanceRegistry - Running the evict task with compensationTime 5ms
2026-05-18 09:18:14,351 [,] [Eureka-EvictionTimer] INFO  c.n.e.r.AbstractInstanceRegistry - Running the evict task with compensationTime 6ms
2026-05-18 09:19:14,361 [,] [Eureka-EvictionTimer] INFO  c.n.e.r.AbstractInstanceRegistry - Running the evict task with compensationTime 9ms
2026-05-18 09:20:14,362 [,] [Eureka-EvictionTimer] INFO  c.n.e.r.AbstractInstanceRegistry - Running the evict task with compensationTime 1ms
2026-05-18 09:20:53,693 [,] [http-nio-6059-exec-10] INFO  c.n.e.r.AbstractInstanceRegistry - Registered instance ORDER-SERVICE/LAPTOP-U7LUUEEE.mshome.net:order-service:6065 with status DOWN (replication=false)
2026-05-18 09:20:56,922 [,] [http-nio-6059-exec-4] INFO  c.n.e.r.AbstractInstanceRegistry - Cancelled instance ORDER-SERVICE/LAPTOP-U7LUUEEE.mshome.net:order-service:6065 (replication=false)
2026-05-18 09:21:14,365 [,] [Eureka-EvictionTimer] INFO  c.n.e.r.AbstractInstanceRegistry - Running the evict task with compensationTime 4ms
2026-05-18 09:22:14,373 [,] [Eureka-EvictionTimer] INFO  c.n.e.r.AbstractInstanceRegistry - Running the evict task with compensationTime 6ms
2026-05-18 09:23:14,388 [,] [Eureka-EvictionTimer] INFO  c.n.e.r.AbstractInstanceRegistry - Running the evict task with compensationTime 15ms
2026-05-18 09:24:14,398 [,] [Eureka-EvictionTimer] INFO  c.n.e.r.AbstractInstanceRegistry - Running the evict task with compensationTime 9ms
2026-05-18 09:24:42,102 [,] [http-nio-6059-exec-2] INFO  c.n.e.r.AbstractInstanceRegistry - Registered instance ORDER-SERVICE/LAPTOP-U7LUUEEE.mshome.net:order-service:6065 with status UP (replication=false)
2026-05-18 09:24:44,320 [,] [http-nio-6059-exec-6] INFO  c.n.e.r.AbstractInstanceRegistry - Registered instance ORDER-SERVICE/LAPTOP-U7LUUEEE.mshome.net:order-service:6065 with status DOWN (replication=false)
2026-05-18 09:24:47,375 [,] [http-nio-6059-exec-1] INFO  c.n.e.r.AbstractInstanceRegistry - Cancelled instance ORDER-SERVICE/LAPTOP-U7LUUEEE.mshome.net:order-service:6065 (replication=false)
2026-05-18 09:25:14,404 [,] [Eureka-EvictionTimer] INFO  c.n.e.r.AbstractInstanceRegistry - Running the evict task with compensationTime 5ms
2026-05-18 09:26:14,220 [,] [Eureka-PeerNodesUpdater] WARN  c.n.eureka.cluster.PeerEurekaNodes - The replica size seems to be empty. Check the route 53 DNS Registry
2026-05-18 09:26:14,414 [,] [Eureka-EvictionTimer] INFO  c.n.e.r.AbstractInstanceRegistry - Running the evict task with compensationTime 10ms
2026-05-18 09:27:14,419 [,] [Eureka-EvictionTimer] INFO  c.n.e.r.AbstractInstanceRegistry - Running the evict task with compensationTime 4ms
2026-05-18 09:28:14,427 [,] [Eureka-EvictionTimer] INFO  c.n.e.r.AbstractInstanceRegistry - Running the evict task with compensationTime 7ms
2026-05-18 09:29:06,879 [,] [http-nio-6059-exec-2] INFO  c.n.e.r.AbstractInstanceRegistry - Registered instance PRODUCT-SERVICE/LAPTOP-U7LUUEEE.mshome.net:product-service:6067 with status DOWN (replication=false)
2026-05-18 09:29:06,892 [,] [http-nio-6059-exec-5] INFO  c.n.e.r.AbstractInstanceRegistry - Registered instance NOTIFICATION-SERVICE/LAPTOP-U7LUUEEE.mshome.net:notification-service:6068 with status DOWN (replication=false)
2026-05-18 09:29:06,892 [,] [SpringApplicationShutdownHook] INFO  o.s.c.n.e.s.EurekaServiceRegistry - Unregistering application DISCOVERY-SERVICE with eureka with status DOWN
2026-05-18 09:29:06,893 [,] [http-nio-6059-exec-7] INFO  c.n.e.r.AbstractInstanceRegistry - Registered instance USER-SERVICE/LAPTOP-U7LUUEEE.mshome.net:user-service:6063 with status DOWN (replication=false)
2026-05-18 09:29:06,936 [,] [SpringApplicationShutdownHook] INFO  o.s.c.n.e.s.EurekaServerBootstrap - Shutting down Eureka Server..
2026-05-18 09:29:06,936 [,] [SpringApplicationShutdownHook] INFO  c.n.e.DefaultEurekaServerContext - Shutting down ...
2026-05-18 09:29:06,938 [,] [SpringApplicationShutdownHook] INFO  c.n.e.DefaultEurekaServerContext - Shut down
2026-05-18 09:29:06,938 [,] [SpringApplicationShutdownHook] INFO  o.s.c.n.e.s.EurekaServerBootstrap - Eureka Service is now shutdown...
2026-05-18 09:29:06,947 [,] [SpringApplicationShutdownHook] INFO  c.n.e.DefaultEurekaServerContext - Shutting down ...
2026-05-18 09:29:06,947 [,] [SpringApplicationShutdownHook] INFO  c.n.e.DefaultEurekaServerContext - Shut down
2026-05-18 09:29:06,962 [,] [SpringApplicationShutdownHook] INFO  c.netflix.discovery.DiscoveryClient - Shutting down DiscoveryClient ...
2026-05-18 09:29:06,963 [,] [SpringApplicationShutdownHook] INFO  c.netflix.discovery.DiscoveryClient - Completed shut down of DiscoveryClient
2026-05-18 09:29:11,962 [,] [restartedMain] INFO  t.d.DiscoveryServerApplication - Starting DiscoveryServerApplication using Java 21.0.10 with PID 4812 (C:\Users\ASUS\pc_store_microservice\BE\discovery-service\target\classes started by ASUS in C:\Users\ASUS\pc_store_microservice)
2026-05-18 09:29:11,963 [,] [restartedMain] INFO  t.d.DiscoveryServerApplication - No active profile set, falling back to 1 default profile: "default"
2026-05-18 09:29:12,018 [,] [restartedMain] INFO  o.s.b.d.e.DevToolsPropertyDefaultsPostProcessor - Devtools property defaults active! Set 'spring.devtools.add-properties' to 'false' to disable
2026-05-18 09:29:12,018 [,] [restartedMain] INFO  o.s.b.d.e.DevToolsPropertyDefaultsPostProcessor - For additional web related logging consider setting the 'logging.level.web' property to 'DEBUG'
2026-05-18 09:29:13,078 [,] [restartedMain] INFO  o.s.cloud.context.scope.GenericScope - BeanFactory id=ce9a9ae8-4cc8-3e8b-a471-ef72b1960dfa
2026-05-18 09:29:13,131 [,] [restartedMain] WARN  o.s.c.s.PostProcessorRegistrationDelegate$BeanPostProcessorChecker - Bean 'org.springframework.cloud.client.loadbalancer.LoadBalancerAutoConfiguration$DeferringLoadBalancerInterceptorConfig' of type [org.springframework.cloud.client.loadbalancer.LoadBalancerAutoConfiguration$DeferringLoadBalancerInterceptorConfig] is not eligible for getting processed by all BeanPostProcessors (for example: not eligible for auto-proxying). The currently created BeanPostProcessor [lbRestClientPostProcessor] is declared through a non-static factory method on that class; consider declaring it as static instead.
2026-05-18 09:29:13,134 [,] [restartedMain] WARN  o.s.c.s.PostProcessorRegistrationDelegate$BeanPostProcessorChecker - Bean 'deferringLoadBalancerInterceptor' of type [org.springframework.cloud.client.loadbalancer.DeferringLoadBalancerInterceptor] is not eligible for getting processed by all BeanPostProcessors (for example: not eligible for auto-proxying). Is this bean getting eagerly injected/applied to a currently created BeanPostProcessor [lbRestClientPostProcessor]? Check the corresponding BeanPostProcessor declaration and its dependencies/advisors. If this bean does not have to be post-processed, declare it with ROLE_INFRASTRUCTURE.
2026-05-18 09:29:13,495 [,] [restartedMain] INFO  o.s.b.w.e.tomcat.TomcatWebServer - Tomcat initialized with port 6059 (http)
2026-05-18 09:29:13,508 [,] [restartedMain] INFO  o.a.catalina.core.StandardService - Starting service [Tomcat]
2026-05-18 09:29:13,508 [,] [restartedMain] INFO  o.a.catalina.core.StandardEngine - Starting Servlet engine: [Apache Tomcat/10.1.31]
2026-05-18 09:29:13,558 [,] [restartedMain] INFO  o.a.c.c.C.[Tomcat].[localhost].[/] - Initializing Spring embedded WebApplicationContext
2026-05-18 09:29:13,558 [,] [restartedMain] INFO  o.s.b.w.s.c.ServletWebServerApplicationContext - Root WebApplicationContext: initialization completed in 1539 ms
2026-05-18 09:29:14,592 [,] [restartedMain] INFO  c.n.d.p.DiscoveryJerseyProvider - Using JSON encoding codec LegacyJacksonJson
2026-05-18 09:29:14,594 [,] [restartedMain] INFO  c.n.d.p.DiscoveryJerseyProvider - Using JSON decoding codec LegacyJacksonJson
2026-05-18 09:29:14,852 [,] [restartedMain] INFO  c.n.d.p.DiscoveryJerseyProvider - Using XML encoding codec XStreamXml
2026-05-18 09:29:14,852 [,] [restartedMain] INFO  c.n.d.p.DiscoveryJerseyProvider - Using XML decoding codec XStreamXml
2026-05-18 09:29:15,907 [,] [restartedMain] INFO  o.s.b.d.a.OptionalLiveReloadServer - LiveReload server is running on port 35729
2026-05-18 09:29:16,007 [,] [restartedMain] WARN  o.s.c.l.c.LoadBalancerCacheAutoConfiguration$LoadBalancerCaffeineWarnLogger - Spring Cloud LoadBalancer is currently working with the default cache. While this cache implementation is useful for development and tests, it's recommended to use Caffeine cache in production.You can switch to using Caffeine cache, by adding it and org.springframework.cache.caffeine.CaffeineCacheManager to the classpath.
2026-05-18 09:29:16,035 [,] [restartedMain] INFO  o.s.c.n.eureka.InstanceInfoFactory - Setting initial instance status as: STARTING
2026-05-18 09:29:16,078 [,] [restartedMain] INFO  c.netflix.discovery.DiscoveryClient - Initializing Eureka in region us-east-1
2026-05-18 09:29:16,079 [,] [restartedMain] INFO  c.netflix.discovery.DiscoveryClient - Client configured to neither register nor query for data.
2026-05-18 09:29:16,081 [,] [restartedMain] INFO  c.netflix.discovery.DiscoveryClient - Discovery Client initialized at timestamp 1779096556080 with initial instances count: 0
2026-05-18 09:29:16,143 [,] [restartedMain] INFO  c.n.e.DefaultEurekaServerContext - Initializing ...
2026-05-18 09:29:16,145 [,] [restartedMain] WARN  c.n.eureka.cluster.PeerEurekaNodes - The replica size seems to be empty. Check the route 53 DNS Registry
2026-05-18 09:29:16,162 [,] [restartedMain] INFO  c.n.e.r.AbstractInstanceRegistry - Finished initializing remote region registries. All known remote regions: []
2026-05-18 09:29:16,162 [,] [restartedMain] INFO  c.n.e.DefaultEurekaServerContext - Initialized
2026-05-18 09:29:16,175 [,] [restartedMain] INFO  o.s.b.a.e.web.EndpointLinksResolver - Exposing 1 endpoint beneath base path '/actuator'
2026-05-18 09:29:16,240 [,] [restartedMain] INFO  o.s.c.n.e.s.EurekaServiceRegistry - Registering application DISCOVERY-SERVICE with eureka with status UP
2026-05-18 09:29:16,254 [,] [Thread-15] INFO  o.s.c.n.e.s.EurekaServerBootstrap - isAws returned false
2026-05-18 09:29:16,255 [,] [Thread-15] INFO  o.s.c.n.e.s.EurekaServerBootstrap - Initialized server context
2026-05-18 09:29:16,255 [,] [Thread-15] INFO  c.n.e.r.PeerAwareInstanceRegistryImpl - Got 1 instances from neighboring DS node
2026-05-18 09:29:16,255 [,] [Thread-15] INFO  c.n.e.r.PeerAwareInstanceRegistryImpl - Renew threshold is: 1
2026-05-18 09:29:16,255 [,] [Thread-15] INFO  c.n.e.r.PeerAwareInstanceRegistryImpl - Changing status to UP
2026-05-18 09:29:16,258 [,] [Thread-15] INFO  o.s.c.n.e.s.EurekaServerInitializerConfiguration - Started Eureka Server
2026-05-18 09:29:16,267 [,] [restartedMain] INFO  o.s.b.w.e.tomcat.TomcatWebServer - Tomcat started on port 6059 (http) with context path '/'
2026-05-18 09:29:16,268 [,] [restartedMain] INFO  o.s.c.n.e.s.EurekaAutoServiceRegistration - Updating port to 6059
2026-05-18 09:29:16,292 [,] [restartedMain] INFO  t.d.DiscoveryServerApplication - Started DiscoveryServerApplication in 4.852 seconds (process running for 5.337)
2026-05-18 09:29:32,277 [,] [http-nio-6059-exec-1] INFO  o.a.c.c.C.[Tomcat].[localhost].[/] - Initializing Spring DispatcherServlet 'dispatcherServlet'
2026-05-18 09:29:32,280 [,] [http-nio-6059-exec-1] INFO  o.s.web.servlet.DispatcherServlet - Initializing Servlet 'dispatcherServlet'
2026-05-18 09:29:32,283 [,] [http-nio-6059-exec-1] INFO  o.s.web.servlet.DispatcherServlet - Completed initialization in 3 ms
2026-05-18 09:29:32,793 [,] [http-nio-6059-exec-2] INFO  c.n.e.r.AbstractInstanceRegistry - Registered instance ORDER-SERVICE/LAPTOP-U7LUUEEE.mshome.net:order-service:6065 with status UP (replication=false)
2026-05-18 09:29:33,940 [,] [http-nio-6059-exec-4] INFO  c.n.e.r.AbstractInstanceRegistry - Registered instance API-GATEWAY/LAPTOP-U7LUUEEE.mshome.net:api-gateway:6060 with status UP (replication=false)
2026-05-18 09:29:34,497 [,] [http-nio-6059-exec-6] INFO  c.n.e.r.AbstractInstanceRegistry - Registered instance IDENTITY-SERVICE/LAPTOP-U7LUUEEE.mshome.net:identity-service:6062 with status UP (replication=false)
2026-05-18 09:29:36,183 [,] [http-nio-6059-exec-8] INFO  c.n.e.r.AbstractInstanceRegistry - Registered instance PRODUCT-SERVICE/LAPTOP-U7LUUEEE.mshome.net:product-service:6067 with status UP (replication=false)
2026-05-18 09:29:36,910 [,] [http-nio-6059-exec-10] INFO  c.n.e.r.AbstractInstanceRegistry - Registered instance NOTIFICATION-SERVICE/LAPTOP-U7LUUEEE.mshome.net:notification-service:6068 with status UP (replication=false)
2026-05-18 09:29:40,107 [,] [http-nio-6059-exec-2] INFO  c.n.e.r.AbstractInstanceRegistry - Registered instance USER-SERVICE/LAPTOP-U7LUUEEE.mshome.net:user-service:6063 with status UP (replication=false)
2026-05-18 09:30:16,258 [,] [Eureka-EvictionTimer] INFO  c.n.e.r.AbstractInstanceRegistry - Running the evict task with compensationTime 0ms
2026-05-18 09:30:36,128 [,] [http-nio-6059-exec-1] INFO  c.n.e.r.AbstractInstanceRegistry - Registered instance ORDER-SERVICE/LAPTOP-U7LUUEEE.mshome.net:order-service:6065 with status DOWN (replication=false)
2026-05-18 09:30:39,206 [,] [http-nio-6059-exec-5] INFO  c.n.e.r.AbstractInstanceRegistry - Cancelled instance ORDER-SERVICE/LAPTOP-U7LUUEEE.mshome.net:order-service:6065 (replication=false)
2026-05-18 09:30:43,473 [,] [http-nio-6059-exec-2] INFO  c.n.e.r.AbstractInstanceRegistry - Registered instance ORDER-SERVICE/LAPTOP-U7LUUEEE.mshome.net:order-service:6065 with status UP (replication=false)
2026-05-18 09:30:45,038 [,] [http-nio-6059-exec-3] INFO  c.n.e.r.AbstractInstanceRegistry - Registered instance ORDER-SERVICE/LAPTOP-U7LUUEEE.mshome.net:order-service:6065 with status DOWN (replication=false)
2026-05-18 09:30:48,083 [,] [http-nio-6059-exec-6] INFO  c.n.e.r.AbstractInstanceRegistry - Cancelled instance ORDER-SERVICE/LAPTOP-U7LUUEEE.mshome.net:order-service:6065 (replication=false)
2026-05-18 09:30:52,251 [,] [http-nio-6059-exec-8] INFO  c.n.e.r.AbstractInstanceRegistry - Registered instance ORDER-SERVICE/LAPTOP-U7LUUEEE.mshome.net:order-service:6065 with status UP (replication=false)
2026-05-18 09:31:04,698 [,] [http-nio-6059-exec-5] INFO  c.n.e.r.AbstractInstanceRegistry - Registered instance ORDER-SERVICE/LAPTOP-U7LUUEEE.mshome.net:order-service:6065 with status DOWN (replication=false)
2026-05-18 09:31:04,705 [,] [http-nio-6059-exec-4] INFO  c.n.e.r.AbstractInstanceRegistry - Registered instance ORDER-SERVICE/LAPTOP-U7LUUEEE.mshome.net:order-service:6065 with status DOWN (replication=false)
2026-05-18 09:31:07,749 [,] [http-nio-6059-exec-2] INFO  c.n.e.r.AbstractInstanceRegistry - Cancelled instance ORDER-SERVICE/LAPTOP-U7LUUEEE.mshome.net:order-service:6065 (replication=false)
2026-05-18 09:31:16,259 [,] [Eureka-EvictionTimer] INFO  c.n.e.r.AbstractInstanceRegistry - Running the evict task with compensationTime 0ms
2026-05-18 09:31:22,244 [,] [http-nio-6059-exec-4] WARN  c.n.e.r.AbstractInstanceRegistry - DS: Registry: lease doesn't exist, registering resource: ORDER-SERVICE - LAPTOP-U7LUUEEE.mshome.net:order-service:6065
2026-05-18 09:31:22,244 [,] [http-nio-6059-exec-4] WARN  c.n.e.resources.InstanceResource - Not Found (Renew): ORDER-SERVICE - LAPTOP-U7LUUEEE.mshome.net:order-service:6065
2026-05-18 09:31:22,360 [,] [http-nio-6059-exec-8] INFO  c.n.e.r.AbstractInstanceRegistry - Registered instance ORDER-SERVICE/LAPTOP-U7LUUEEE.mshome.net:order-service:6065 with status UP (replication=false)
2026-05-18 09:32:16,269 [,] [Eureka-EvictionTimer] INFO  c.n.e.r.AbstractInstanceRegistry - Running the evict task with compensationTime 10ms
2026-05-18 09:32:57,705 [,] [http-nio-6059-exec-3] INFO  c.n.e.r.AbstractInstanceRegistry - Registered instance ORDER-SERVICE/LAPTOP-U7LUUEEE.mshome.net:order-service:6065 with status UP (replication=false)
2026-05-18 09:33:16,272 [,] [Eureka-EvictionTimer] INFO  c.n.e.r.AbstractInstanceRegistry - Running the evict task with compensationTime 3ms
2026-05-18 09:33:33,448 [,] [http-nio-6059-exec-7] INFO  c.n.e.r.AbstractInstanceRegistry - Registered instance NOTIFICATION-SERVICE/LAPTOP-U7LUUEEE.mshome.net:notification-service:6068 with status DOWN (replication=false)
2026-05-18 09:33:36,503 [,] [http-nio-6059-exec-3] INFO  c.n.e.r.AbstractInstanceRegistry - Cancelled instance NOTIFICATION-SERVICE/LAPTOP-U7LUUEEE.mshome.net:notification-service:6068 (replication=false)
2026-05-18 09:33:43,552 [,] [http-nio-6059-exec-8] INFO  c.n.e.r.AbstractInstanceRegistry - Registered instance NOTIFICATION-SERVICE/LAPTOP-U7LUUEEE.mshome.net:notification-service:6068 with status UP (replication=false)
2026-05-18 09:34:16,281 [,] [Eureka-EvictionTimer] INFO  c.n.e.r.AbstractInstanceRegistry - Running the evict task with compensationTime 8ms
2026-05-18 09:34:24,160 [,] [http-nio-6059-exec-10] INFO  c.n.e.r.AbstractInstanceRegistry - Registered instance NOTIFICATION-SERVICE/LAPTOP-U7LUUEEE.mshome.net:notification-service:6068 with status DOWN (replication=false)
2026-05-18 09:34:27,211 [,] [http-nio-6059-exec-9] INFO  c.n.e.r.AbstractInstanceRegistry - Cancelled instance NOTIFICATION-SERVICE/LAPTOP-U7LUUEEE.mshome.net:notification-service:6068 (replication=false)
2026-05-18 09:34:36,701 [,] [http-nio-6059-exec-9] INFO  c.n.e.r.AbstractInstanceRegistry - Registered instance ORDER-SERVICE/LAPTOP-U7LUUEEE.mshome.net:order-service:6065 with status UP (replication=false)
2026-05-18 09:34:37,557 [,] [http-nio-6059-exec-2] INFO  c.n.e.r.AbstractInstanceRegistry - Registered instance NOTIFICATION-SERVICE/LAPTOP-U7LUUEEE.mshome.net:notification-service:6068 with status UP (replication=false)
2026-05-18 09:35:16,294 [,] [Eureka-EvictionTimer] INFO  c.n.e.r.AbstractInstanceRegistry - Running the evict task with compensationTime 13ms
2026-05-18 09:36:16,307 [,] [Eureka-EvictionTimer] INFO  c.n.e.r.AbstractInstanceRegistry - Running the evict task with compensationTime 13ms
2026-05-18 09:37:16,315 [,] [Eureka-EvictionTimer] INFO  c.n.e.r.AbstractInstanceRegistry - Running the evict task with compensationTime 7ms
2026-05-18 09:37:31,271 [,] [http-nio-6059-exec-6] INFO  c.n.e.r.AbstractInstanceRegistry - Registered instance ORDER-SERVICE/LAPTOP-U7LUUEEE.mshome.net:order-service:6065 with status DOWN (replication=false)
2026-05-18 09:37:34,409 [,] [http-nio-6059-exec-5] INFO  c.n.e.r.AbstractInstanceRegistry - Cancelled instance ORDER-SERVICE/LAPTOP-U7LUUEEE.mshome.net:order-service:6065 (replication=false)
2026-05-18 09:37:39,330 [,] [http-nio-6059-exec-7] INFO  c.n.e.r.AbstractInstanceRegistry - Registered instance ORDER-SERVICE/LAPTOP-U7LUUEEE.mshome.net:order-service:6065 with status UP (replication=false)
2026-05-18 09:37:40,949 [,] [http-nio-6059-exec-4] INFO  c.n.e.r.AbstractInstanceRegistry - Registered instance ORDER-SERVICE/LAPTOP-U7LUUEEE.mshome.net:order-service:6065 with status DOWN (replication=false)
2026-05-18 09:37:44,048 [,] [http-nio-6059-exec-9] INFO  c.n.e.r.AbstractInstanceRegistry - Cancelled instance ORDER-SERVICE/LAPTOP-U7LUUEEE.mshome.net:order-service:6065 (replication=false)
2026-05-18 09:37:48,041 [,] [http-nio-6059-exec-1] INFO  c.n.e.r.AbstractInstanceRegistry - Registered instance ORDER-SERVICE/LAPTOP-U7LUUEEE.mshome.net:order-service:6065 with status UP (replication=false)
2026-05-18 09:38:16,321 [,] [Eureka-EvictionTimer] INFO  c.n.e.r.AbstractInstanceRegistry - Running the evict task with compensationTime 6ms
2026-05-18 09:39:16,156 [,] [Eureka-PeerNodesUpdater] WARN  c.n.eureka.cluster.PeerEurekaNodes - The replica size seems to be empty. Check the route 53 DNS Registry
2026-05-18 09:39:16,322 [,] [Eureka-EvictionTimer] INFO  c.n.e.r.AbstractInstanceRegistry - Running the evict task with compensationTime 0ms
2026-05-18 09:40:16,332 [,] [Eureka-EvictionTimer] INFO  c.n.e.r.AbstractInstanceRegistry - Running the evict task with compensationTime 9ms
2026-05-18 09:41:16,333 [,] [Eureka-EvictionTimer] INFO  c.n.e.r.AbstractInstanceRegistry - Running the evict task with compensationTime 0ms
2026-05-18 09:42:16,346 [,] [Eureka-EvictionTimer] INFO  c.n.e.r.AbstractInstanceRegistry - Running the evict task with compensationTime 13ms
2026-05-18 09:43:09,587 [,] [SpringApplicationShutdownHook] INFO  o.s.c.n.e.s.EurekaServiceRegistry - Unregistering application DISCOVERY-SERVICE with eureka with status DOWN
2026-05-18 09:43:09,588 [,] [http-nio-6059-exec-7] INFO  c.n.e.r.AbstractInstanceRegistry - Registered instance USER-SERVICE/LAPTOP-U7LUUEEE.mshome.net:user-service:6063 with status DOWN (replication=false)
2026-05-18 09:43:09,594 [,] [http-nio-6059-exec-8] INFO  c.n.e.r.AbstractInstanceRegistry - Registered instance ORDER-SERVICE/LAPTOP-U7LUUEEE.mshome.net:order-service:6065 with status DOWN (replication=false)
2026-05-18 09:43:09,594 [,] [http-nio-6059-exec-5] INFO  c.n.e.r.AbstractInstanceRegistry - Registered instance PRODUCT-SERVICE/LAPTOP-U7LUUEEE.mshome.net:product-service:6067 with status DOWN (replication=false)
2026-05-18 09:43:09,612 [,] [SpringApplicationShutdownHook] INFO  o.s.c.n.e.s.EurekaServerBootstrap - Shutting down Eureka Server..
2026-05-18 09:43:09,612 [,] [SpringApplicationShutdownHook] INFO  c.n.e.DefaultEurekaServerContext - Shutting down ...
2026-05-18 09:43:09,613 [,] [SpringApplicationShutdownHook] INFO  c.n.e.DefaultEurekaServerContext - Shut down
2026-05-18 09:43:09,613 [,] [SpringApplicationShutdownHook] INFO  o.s.c.n.e.s.EurekaServerBootstrap - Eureka Service is now shutdown...
2026-05-18 09:43:09,616 [,] [SpringApplicationShutdownHook] INFO  c.n.e.DefaultEurekaServerContext - Shutting down ...
2026-05-18 09:43:09,616 [,] [SpringApplicationShutdownHook] INFO  c.n.e.DefaultEurekaServerContext - Shut down
2026-05-18 09:43:09,622 [,] [SpringApplicationShutdownHook] INFO  c.netflix.discovery.DiscoveryClient - Shutting down DiscoveryClient ...
2026-05-18 09:43:09,623 [,] [SpringApplicationShutdownHook] INFO  c.netflix.discovery.DiscoveryClient - Completed shut down of DiscoveryClient
2026-05-18 09:43:11,515 [,] [restartedMain] INFO  t.d.DiscoveryServerApplication - Starting DiscoveryServerApplication using Java 21.0.10 with PID 41904 (C:\Users\ASUS\pc_store_microservice\BE\discovery-service\target\classes started by ASUS in C:\Users\ASUS\pc_store_microservice)
2026-05-18 09:43:11,518 [,] [restartedMain] INFO  t.d.DiscoveryServerApplication - No active profile set, falling back to 1 default profile: "default"
2026-05-18 09:43:11,559 [,] [restartedMain] INFO  o.s.b.d.e.DevToolsPropertyDefaultsPostProcessor - Devtools property defaults active! Set 'spring.devtools.add-properties' to 'false' to disable
2026-05-18 09:43:11,559 [,] [restartedMain] INFO  o.s.b.d.e.DevToolsPropertyDefaultsPostProcessor - For additional web related logging consider setting the 'logging.level.web' property to 'DEBUG'
2026-05-18 09:43:12,328 [,] [restartedMain] INFO  o.s.cloud.context.scope.GenericScope - BeanFactory id=ce9a9ae8-4cc8-3e8b-a471-ef72b1960dfa
2026-05-18 09:43:12,364 [,] [restartedMain] WARN  o.s.c.s.PostProcessorRegistrationDelegate$BeanPostProcessorChecker - Bean 'org.springframework.cloud.client.loadbalancer.LoadBalancerAutoConfiguration$DeferringLoadBalancerInterceptorConfig' of type [org.springframework.cloud.client.loadbalancer.LoadBalancerAutoConfiguration$DeferringLoadBalancerInterceptorConfig] is not eligible for getting processed by all BeanPostProcessors (for example: not eligible for auto-proxying). The currently created BeanPostProcessor [lbRestClientPostProcessor] is declared through a non-static factory method on that class; consider declaring it as static instead.
2026-05-18 09:43:12,365 [,] [restartedMain] WARN  o.s.c.s.PostProcessorRegistrationDelegate$BeanPostProcessorChecker - Bean 'deferringLoadBalancerInterceptor' of type [org.springframework.cloud.client.loadbalancer.DeferringLoadBalancerInterceptor] is not eligible for getting processed by all BeanPostProcessors (for example: not eligible for auto-proxying). Is this bean getting eagerly injected/applied to a currently created BeanPostProcessor [lbRestClientPostProcessor]? Check the corresponding BeanPostProcessor declaration and its dependencies/advisors. If this bean does not have to be post-processed, declare it with ROLE_INFRASTRUCTURE.
2026-05-18 09:43:12,633 [,] [restartedMain] INFO  o.s.b.w.e.tomcat.TomcatWebServer - Tomcat initialized with port 6059 (http)
2026-05-18 09:43:12,642 [,] [restartedMain] INFO  o.a.catalina.core.StandardService - Starting service [Tomcat]
2026-05-18 09:43:12,643 [,] [restartedMain] INFO  o.a.catalina.core.StandardEngine - Starting Servlet engine: [Apache Tomcat/10.1.31]
2026-05-18 09:43:12,681 [,] [restartedMain] INFO  o.a.c.c.C.[Tomcat].[localhost].[/] - Initializing Spring embedded WebApplicationContext
2026-05-18 09:43:12,681 [,] [restartedMain] INFO  o.s.b.w.s.c.ServletWebServerApplicationContext - Root WebApplicationContext: initialization completed in 1121 ms
2026-05-18 09:43:13,409 [,] [restartedMain] INFO  c.n.d.p.DiscoveryJerseyProvider - Using JSON encoding codec LegacyJacksonJson
2026-05-18 09:43:13,410 [,] [restartedMain] INFO  c.n.d.p.DiscoveryJerseyProvider - Using JSON decoding codec LegacyJacksonJson
2026-05-18 09:43:13,564 [,] [restartedMain] INFO  c.n.d.p.DiscoveryJerseyProvider - Using XML encoding codec XStreamXml
2026-05-18 09:43:13,565 [,] [restartedMain] INFO  c.n.d.p.DiscoveryJerseyProvider - Using XML decoding codec XStreamXml
2026-05-18 09:43:14,742 [,] [restartedMain] INFO  o.s.b.d.a.OptionalLiveReloadServer - LiveReload server is running on port 35729
2026-05-18 09:43:14,818 [,] [restartedMain] WARN  o.s.c.l.c.LoadBalancerCacheAutoConfiguration$LoadBalancerCaffeineWarnLogger - Spring Cloud LoadBalancer is currently working with the default cache. While this cache implementation is useful for development and tests, it's recommended to use Caffeine cache in production.You can switch to using Caffeine cache, by adding it and org.springframework.cache.caffeine.CaffeineCacheManager to the classpath.
2026-05-18 09:43:14,849 [,] [restartedMain] INFO  o.s.c.n.eureka.InstanceInfoFactory - Setting initial instance status as: STARTING
2026-05-18 09:43:14,875 [,] [restartedMain] INFO  c.netflix.discovery.DiscoveryClient - Initializing Eureka in region us-east-1
2026-05-18 09:43:14,875 [,] [restartedMain] INFO  c.netflix.discovery.DiscoveryClient - Client configured to neither register nor query for data.
2026-05-18 09:43:14,877 [,] [restartedMain] INFO  c.netflix.discovery.DiscoveryClient - Discovery Client initialized at timestamp 1779097394876 with initial instances count: 0
2026-05-18 09:43:14,931 [,] [restartedMain] INFO  c.n.e.DefaultEurekaServerContext - Initializing ...
2026-05-18 09:43:14,933 [,] [restartedMain] WARN  c.n.eureka.cluster.PeerEurekaNodes - The replica size seems to be empty. Check the route 53 DNS Registry
2026-05-18 09:43:14,946 [,] [restartedMain] INFO  c.n.e.r.AbstractInstanceRegistry - Finished initializing remote region registries. All known remote regions: []
2026-05-18 09:43:14,946 [,] [restartedMain] INFO  c.n.e.DefaultEurekaServerContext - Initialized
2026-05-18 09:43:14,962 [,] [restartedMain] INFO  o.s.b.a.e.web.EndpointLinksResolver - Exposing 1 endpoint beneath base path '/actuator'
2026-05-18 09:43:15,042 [,] [restartedMain] INFO  o.s.c.n.e.s.EurekaServiceRegistry - Registering application DISCOVERY-SERVICE with eureka with status UP
2026-05-18 09:43:15,057 [,] [Thread-15] INFO  o.s.c.n.e.s.EurekaServerBootstrap - isAws returned false
2026-05-18 09:43:15,058 [,] [Thread-15] INFO  o.s.c.n.e.s.EurekaServerBootstrap - Initialized server context
2026-05-18 09:43:15,058 [,] [Thread-15] INFO  c.n.e.r.PeerAwareInstanceRegistryImpl - Got 1 instances from neighboring DS node
2026-05-18 09:43:15,058 [,] [Thread-15] INFO  c.n.e.r.PeerAwareInstanceRegistryImpl - Renew threshold is: 1
2026-05-18 09:43:15,058 [,] [Thread-15] INFO  c.n.e.r.PeerAwareInstanceRegistryImpl - Changing status to UP
2026-05-18 09:43:15,061 [,] [Thread-15] INFO  o.s.c.n.e.s.EurekaServerInitializerConfiguration - Started Eureka Server
2026-05-18 09:43:15,071 [,] [restartedMain] INFO  o.s.b.w.e.tomcat.TomcatWebServer - Tomcat started on port 6059 (http) with context path '/'
2026-05-18 09:43:15,071 [,] [restartedMain] INFO  o.s.c.n.e.s.EurekaAutoServiceRegistration - Updating port to 6059
2026-05-18 09:43:15,098 [,] [restartedMain] INFO  t.d.DiscoveryServerApplication - Started DiscoveryServerApplication in 3.982 seconds (process running for 4.527)
2026-05-18 09:43:29,851 [,] [http-nio-6059-exec-1] INFO  o.a.c.c.C.[Tomcat].[localhost].[/] - Initializing Spring DispatcherServlet 'dispatcherServlet'
2026-05-18 09:43:29,851 [,] [http-nio-6059-exec-1] INFO  o.s.web.servlet.DispatcherServlet - Initializing Servlet 'dispatcherServlet'
2026-05-18 09:43:29,852 [,] [http-nio-6059-exec-1] INFO  o.s.web.servlet.DispatcherServlet - Completed initialization in 1 ms
2026-05-18 09:43:30,151 [,] [http-nio-6059-exec-2] INFO  c.n.e.r.AbstractInstanceRegistry - Registered instance ORDER-SERVICE/LAPTOP-U7LUUEEE.mshome.net:order-service:6065 with status UP (replication=false)
2026-05-18 09:43:31,283 [,] [http-nio-6059-exec-4] INFO  c.n.e.r.AbstractInstanceRegistry - Registered instance IDENTITY-SERVICE/LAPTOP-U7LUUEEE.mshome.net:identity-service:6062 with status UP (replication=false)
2026-05-18 09:43:32,104 [,] [http-nio-6059-exec-6] INFO  c.n.e.r.AbstractInstanceRegistry - Registered instance PRODUCT-SERVICE/LAPTOP-U7LUUEEE.mshome.net:product-service:6067 with status UP (replication=false)
2026-05-18 09:43:32,425 [,] [http-nio-6059-exec-8] INFO  c.n.e.r.AbstractInstanceRegistry - Registered instance NOTIFICATION-SERVICE/LAPTOP-U7LUUEEE.mshome.net:notification-service:6068 with status UP (replication=false)
2026-05-18 09:43:32,654 [,] [http-nio-6059-exec-10] INFO  c.n.e.r.AbstractInstanceRegistry - Registered instance API-GATEWAY/LAPTOP-U7LUUEEE.mshome.net:api-gateway:6060 with status UP (replication=false)
2026-05-18 09:43:34,098 [,] [http-nio-6059-exec-2] INFO  c.n.e.r.AbstractInstanceRegistry - Registered instance USER-SERVICE/LAPTOP-U7LUUEEE.mshome.net:user-service:6063 with status UP (replication=false)
2026-05-18 09:44:15,069 [,] [Eureka-EvictionTimer] INFO  c.n.e.r.AbstractInstanceRegistry - Running the evict task with compensationTime 0ms
2026-05-18 09:45:15,083 [,] [Eureka-EvictionTimer] INFO  c.n.e.r.AbstractInstanceRegistry - Running the evict task with compensationTime 13ms
2026-05-18 09:46:15,084 [,] [Eureka-EvictionTimer] INFO  c.n.e.r.AbstractInstanceRegistry - Running the evict task with compensationTime 0ms
2026-05-18 09:47:15,089 [,] [Eureka-EvictionTimer] INFO  c.n.e.r.AbstractInstanceRegistry - Running the evict task with compensationTime 5ms
2026-05-18 09:48:15,091 [,] [Eureka-EvictionTimer] INFO  c.n.e.r.AbstractInstanceRegistry - Running the evict task with compensationTime 2ms
2026-05-18 09:49:15,103 [,] [Eureka-EvictionTimer] INFO  c.n.e.r.AbstractInstanceRegistry - Running the evict task with compensationTime 11ms
2026-05-18 09:49:28,217 [,] [http-nio-6059-exec-7] INFO  c.n.e.r.AbstractInstanceRegistry - Registered instance ORDER-SERVICE/LAPTOP-U7LUUEEE.mshome.net:order-service:6065 with status DOWN (replication=false)
2026-05-18 09:49:31,343 [,] [http-nio-6059-exec-9] INFO  c.n.e.r.AbstractInstanceRegistry - Cancelled instance ORDER-SERVICE/LAPTOP-U7LUUEEE.mshome.net:order-service:6065 (replication=false)
2026-05-18 09:49:36,981 [,] [http-nio-6059-exec-4] INFO  c.n.e.r.AbstractInstanceRegistry - Registered instance ORDER-SERVICE/LAPTOP-U7LUUEEE.mshome.net:order-service:6065 with status UP (replication=false)
2026-05-18 09:50:15,105 [,] [Eureka-EvictionTimer] INFO  c.n.e.r.AbstractInstanceRegistry - Running the evict task with compensationTime 2ms
2026-05-18 09:50:17,276 [,] [http-nio-6059-exec-7] INFO  c.n.e.r.AbstractInstanceRegistry - Registered instance ORDER-SERVICE/LAPTOP-U7LUUEEE.mshome.net:order-service:6065 with status DOWN (replication=false)
2026-05-18 09:50:20,330 [,] [http-nio-6059-exec-1] INFO  c.n.e.r.AbstractInstanceRegistry - Cancelled instance ORDER-SERVICE/LAPTOP-U7LUUEEE.mshome.net:order-service:6065 (replication=false)
2026-05-18 09:50:24,827 [,] [http-nio-6059-exec-2] INFO  c.n.e.r.AbstractInstanceRegistry - Registered instance ORDER-SERVICE/LAPTOP-U7LUUEEE.mshome.net:order-service:6065 with status UP (replication=false)
2026-05-18 09:50:26,362 [,] [http-nio-6059-exec-3] INFO  c.n.e.r.AbstractInstanceRegistry - Registered instance ORDER-SERVICE/LAPTOP-U7LUUEEE.mshome.net:order-service:6065 with status DOWN (replication=false)
2026-05-18 09:50:29,409 [,] [http-nio-6059-exec-4] INFO  c.n.e.r.AbstractInstanceRegistry - Cancelled instance ORDER-SERVICE/LAPTOP-U7LUUEEE.mshome.net:order-service:6065 (replication=false)
2026-05-18 09:50:34,020 [,] [http-nio-6059-exec-6] INFO  c.n.e.r.AbstractInstanceRegistry - Registered instance ORDER-SERVICE/LAPTOP-U7LUUEEE.mshome.net:order-service:6065 with status UP (replication=false)
2026-05-18 09:51:15,112 [,] [Eureka-EvictionTimer] INFO  c.n.e.r.AbstractInstanceRegistry - Running the evict task with compensationTime 6ms
2026-05-18 09:52:15,114 [,] [Eureka-EvictionTimer] INFO  c.n.e.r.AbstractInstanceRegistry - Running the evict task with compensationTime 2ms
2026-05-18 09:53:14,955 [,] [Eureka-PeerNodesUpdater] WARN  c.n.eureka.cluster.PeerEurekaNodes - The replica size seems to be empty. Check the route 53 DNS Registry
2026-05-18 09:53:15,127 [,] [Eureka-EvictionTimer] INFO  c.n.e.r.AbstractInstanceRegistry - Running the evict task with compensationTime 13ms
2026-05-18 09:54:15,131 [,] [Eureka-EvictionTimer] INFO  c.n.e.r.AbstractInstanceRegistry - Running the evict task with compensationTime 3ms
2026-05-18 09:55:15,143 [,] [Eureka-EvictionTimer] INFO  c.n.e.r.AbstractInstanceRegistry - Running the evict task with compensationTime 12ms
2026-05-18 09:56:15,151 [,] [Eureka-EvictionTimer] INFO  c.n.e.r.AbstractInstanceRegistry - Running the evict task with compensationTime 8ms
2026-05-18 09:57:15,156 [,] [Eureka-EvictionTimer] INFO  c.n.e.r.AbstractInstanceRegistry - Running the evict task with compensationTime 4ms
2026-05-18 09:58:14,959 [,] [ReplicaAwareInstanceRegistry - RenewalThresholdUpdater] INFO  c.n.e.r.PeerAwareInstanceRegistryImpl - Current renewal threshold is : 11
2026-05-18 09:58:15,171 [,] [Eureka-EvictionTimer] INFO  c.n.e.r.AbstractInstanceRegistry - Running the evict task with compensationTime 14ms
2026-05-18 09:59:15,184 [,] [Eureka-EvictionTimer] INFO  c.n.e.r.AbstractInstanceRegistry - Running the evict task with compensationTime 12ms
2026-05-18 10:00:15,197 [,] [Eureka-EvictionTimer] INFO  c.n.e.r.AbstractInstanceRegistry - Running the evict task with compensationTime 13ms
2026-05-18 10:01:15,205 [,] [Eureka-EvictionTimer] INFO  c.n.e.r.AbstractInstanceRegistry - Running the evict task with compensationTime 8ms
2026-05-18 10:02:15,209 [,] [Eureka-EvictionTimer] INFO  c.n.e.r.AbstractInstanceRegistry - Running the evict task with compensationTime 3ms
2026-05-18 10:02:23,554 [,] [http-nio-6059-exec-2] INFO  c.n.e.r.AbstractInstanceRegistry - Registered instance ORDER-SERVICE/LAPTOP-U7LUUEEE.mshome.net:order-service:6065 with status DOWN (replication=false)
2026-05-18 10:02:26,713 [,] [http-nio-6059-exec-3] INFO  c.n.e.r.AbstractInstanceRegistry - Cancelled instance ORDER-SERVICE/LAPTOP-U7LUUEEE.mshome.net:order-service:6065 (replication=false)
2026-05-18 10:03:14,971 [,] [Eureka-PeerNodesUpdater] WARN  c.n.eureka.cluster.PeerEurekaNodes - The replica size seems to be empty. Check the route 53 DNS Registry
2026-05-18 10:03:15,218 [,] [Eureka-EvictionTimer] INFO  c.n.e.r.AbstractInstanceRegistry - Running the evict task with compensationTime 9ms
2026-05-18 10:04:15,221 [,] [Eureka-EvictionTimer] INFO  c.n.e.r.AbstractInstanceRegistry - Running the evict task with compensationTime 3ms
2026-05-18 10:05:15,226 [,] [Eureka-EvictionTimer] INFO  c.n.e.r.AbstractInstanceRegistry - Running the evict task with compensationTime 4ms
2026-05-18 10:05:54,632 [,] [http-nio-6059-exec-10] INFO  c.n.e.r.AbstractInstanceRegistry - Registered instance NOTIFICATION-SERVICE/LAPTOP-U7LUUEEE.mshome.net:notification-service:6068 with status DOWN (replication=false)
2026-05-18 10:05:54,649 [,] [http-nio-6059-exec-7] INFO  c.n.e.r.AbstractInstanceRegistry - Registered instance USER-SERVICE/LAPTOP-U7LUUEEE.mshome.net:user-service:6063 with status DOWN (replication=false)
2026-05-18 10:05:54,652 [,] [http-nio-6059-exec-5] INFO  c.n.e.r.AbstractInstanceRegistry - Registered instance API-GATEWAY/LAPTOP-U7LUUEEE.mshome.net:api-gateway:6060 with status DOWN (replication=false)
2026-05-18 10:05:54,652 [,] [http-nio-6059-exec-4] INFO  c.n.e.r.AbstractInstanceRegistry - Registered instance PRODUCT-SERVICE/LAPTOP-U7LUUEEE.mshome.net:product-service:6067 with status DOWN (replication=false)
2026-05-18 10:05:54,668 [,] [SpringApplicationShutdownHook] INFO  o.s.c.n.e.s.EurekaServiceRegistry - Unregistering application DISCOVERY-SERVICE with eureka with status DOWN
2026-05-18 10:05:54,700 [,] [http-nio-6059-exec-9] INFO  c.n.e.r.AbstractInstanceRegistry - Registered instance IDENTITY-SERVICE/LAPTOP-U7LUUEEE.mshome.net:identity-service:6062 with status DOWN (replication=false)
2026-05-18 10:05:54,800 [,] [SpringApplicationShutdownHook] INFO  o.s.c.n.e.s.EurekaServerBootstrap - Shutting down Eureka Server..
2026-05-18 10:05:54,803 [,] [SpringApplicationShutdownHook] INFO  c.n.e.DefaultEurekaServerContext - Shutting down ...
2026-05-18 10:05:54,806 [,] [SpringApplicationShutdownHook] INFO  c.n.e.DefaultEurekaServerContext - Shut down
2026-05-18 10:05:54,806 [,] [SpringApplicationShutdownHook] INFO  o.s.c.n.e.s.EurekaServerBootstrap - Eureka Service is now shutdown...
2026-05-18 10:05:54,817 [,] [SpringApplicationShutdownHook] INFO  c.n.e.DefaultEurekaServerContext - Shutting down ...
2026-05-18 10:05:54,817 [,] [SpringApplicationShutdownHook] INFO  c.n.e.DefaultEurekaServerContext - Shut down
2026-05-18 10:05:54,839 [,] [SpringApplicationShutdownHook] INFO  c.netflix.discovery.DiscoveryClient - Shutting down DiscoveryClient ...
2026-05-18 10:05:54,839 [,] [SpringApplicationShutdownHook] INFO  c.netflix.discovery.DiscoveryClient - Completed shut down of DiscoveryClient
2026-05-18 10:06:12,283 [,] [restartedMain] INFO  t.d.DiscoveryServerApplication - Starting DiscoveryServerApplication using Java 21.0.10 with PID 42680 (C:\Users\ASUS\pc_store_microservice\BE\discovery-service\target\classes started by ASUS in C:\Users\ASUS\pc_store_microservice)
2026-05-18 10:06:12,285 [,] [restartedMain] INFO  t.d.DiscoveryServerApplication - No active profile set, falling back to 1 default profile: "default"
2026-05-18 10:06:12,331 [,] [restartedMain] INFO  o.s.b.d.e.DevToolsPropertyDefaultsPostProcessor - Devtools property defaults active! Set 'spring.devtools.add-properties' to 'false' to disable
2026-05-18 10:06:12,331 [,] [restartedMain] INFO  o.s.b.d.e.DevToolsPropertyDefaultsPostProcessor - For additional web related logging consider setting the 'logging.level.web' property to 'DEBUG'
2026-05-18 10:06:13,348 [,] [restartedMain] INFO  o.s.cloud.context.scope.GenericScope - BeanFactory id=ce9a9ae8-4cc8-3e8b-a471-ef72b1960dfa
2026-05-18 10:06:13,400 [,] [restartedMain] WARN  o.s.c.s.PostProcessorRegistrationDelegate$BeanPostProcessorChecker - Bean 'org.springframework.cloud.client.loadbalancer.LoadBalancerAutoConfiguration$DeferringLoadBalancerInterceptorConfig' of type [org.springframework.cloud.client.loadbalancer.LoadBalancerAutoConfiguration$DeferringLoadBalancerInterceptorConfig] is not eligible for getting processed by all BeanPostProcessors (for example: not eligible for auto-proxying). The currently created BeanPostProcessor [lbRestClientPostProcessor] is declared through a non-static factory method on that class; consider declaring it as static instead.
2026-05-18 10:06:13,402 [,] [restartedMain] WARN  o.s.c.s.PostProcessorRegistrationDelegate$BeanPostProcessorChecker - Bean 'deferringLoadBalancerInterceptor' of type [org.springframework.cloud.client.loadbalancer.DeferringLoadBalancerInterceptor] is not eligible for getting processed by all BeanPostProcessors (for example: not eligible for auto-proxying). Is this bean getting eagerly injected/applied to a currently created BeanPostProcessor [lbRestClientPostProcessor]? Check the corresponding BeanPostProcessor declaration and its dependencies/advisors. If this bean does not have to be post-processed, declare it with ROLE_INFRASTRUCTURE.
2026-05-18 10:06:13,738 [,] [restartedMain] INFO  o.s.b.w.e.tomcat.TomcatWebServer - Tomcat initialized with port 6059 (http)
2026-05-18 10:06:13,752 [,] [restartedMain] INFO  o.a.catalina.core.StandardService - Starting service [Tomcat]
2026-05-18 10:06:13,753 [,] [restartedMain] INFO  o.a.catalina.core.StandardEngine - Starting Servlet engine: [Apache Tomcat/10.1.31]
2026-05-18 10:06:13,801 [,] [restartedMain] INFO  o.a.c.c.C.[Tomcat].[localhost].[/] - Initializing Spring embedded WebApplicationContext
2026-05-18 10:06:13,802 [,] [restartedMain] INFO  o.s.b.w.s.c.ServletWebServerApplicationContext - Root WebApplicationContext: initialization completed in 1471 ms
2026-05-18 10:06:14,771 [,] [restartedMain] INFO  c.n.d.p.DiscoveryJerseyProvider - Using JSON encoding codec LegacyJacksonJson
2026-05-18 10:06:14,773 [,] [restartedMain] INFO  c.n.d.p.DiscoveryJerseyProvider - Using JSON decoding codec LegacyJacksonJson
2026-05-18 10:06:15,000 [,] [restartedMain] INFO  c.n.d.p.DiscoveryJerseyProvider - Using XML encoding codec XStreamXml
2026-05-18 10:06:15,003 [,] [restartedMain] INFO  c.n.d.p.DiscoveryJerseyProvider - Using XML decoding codec XStreamXml
2026-05-18 10:06:16,290 [,] [restartedMain] WARN  o.s.b.d.a.OptionalLiveReloadServer - Unable to start LiveReload server
2026-05-18 10:06:16,406 [,] [restartedMain] WARN  o.s.c.l.c.LoadBalancerCacheAutoConfiguration$LoadBalancerCaffeineWarnLogger - Spring Cloud LoadBalancer is currently working with the default cache. While this cache implementation is useful for development and tests, it's recommended to use Caffeine cache in production.You can switch to using Caffeine cache, by adding it and org.springframework.cache.caffeine.CaffeineCacheManager to the classpath.
2026-05-18 10:06:16,435 [,] [restartedMain] INFO  o.s.c.n.eureka.InstanceInfoFactory - Setting initial instance status as: STARTING
2026-05-18 10:06:16,462 [,] [restartedMain] INFO  c.netflix.discovery.DiscoveryClient - Initializing Eureka in region us-east-1
2026-05-18 10:06:16,463 [,] [restartedMain] INFO  c.netflix.discovery.DiscoveryClient - Client configured to neither register nor query for data.
2026-05-18 10:06:16,465 [,] [restartedMain] INFO  c.netflix.discovery.DiscoveryClient - Discovery Client initialized at timestamp 1779098776465 with initial instances count: 0
2026-05-18 10:06:16,522 [,] [restartedMain] INFO  c.n.e.DefaultEurekaServerContext - Initializing ...
2026-05-18 10:06:16,525 [,] [restartedMain] WARN  c.n.eureka.cluster.PeerEurekaNodes - The replica size seems to be empty. Check the route 53 DNS Registry
2026-05-18 10:06:16,541 [,] [restartedMain] INFO  c.n.e.r.AbstractInstanceRegistry - Finished initializing remote region registries. All known remote regions: []
2026-05-18 10:06:16,541 [,] [restartedMain] INFO  c.n.e.DefaultEurekaServerContext - Initialized
2026-05-18 10:06:16,555 [,] [restartedMain] INFO  o.s.b.a.e.web.EndpointLinksResolver - Exposing 1 endpoint beneath base path '/actuator'
2026-05-18 10:06:16,628 [,] [restartedMain] INFO  o.s.c.n.e.s.EurekaServiceRegistry - Registering application DISCOVERY-SERVICE with eureka with status UP
2026-05-18 10:06:16,642 [,] [Thread-13] INFO  o.s.c.n.e.s.EurekaServerBootstrap - isAws returned false
2026-05-18 10:06:16,643 [,] [Thread-13] INFO  o.s.c.n.e.s.EurekaServerBootstrap - Initialized server context
2026-05-18 10:06:16,643 [,] [Thread-13] INFO  c.n.e.r.PeerAwareInstanceRegistryImpl - Got 1 instances from neighboring DS node
2026-05-18 10:06:16,643 [,] [Thread-13] INFO  c.n.e.r.PeerAwareInstanceRegistryImpl - Renew threshold is: 1
2026-05-18 10:06:16,644 [,] [Thread-13] INFO  c.n.e.r.PeerAwareInstanceRegistryImpl - Changing status to UP
2026-05-18 10:06:16,648 [,] [Thread-13] INFO  o.s.c.n.e.s.EurekaServerInitializerConfiguration - Started Eureka Server
2026-05-18 10:06:16,654 [,] [restartedMain] INFO  o.s.b.w.e.tomcat.TomcatWebServer - Tomcat started on port 6059 (http) with context path '/'
2026-05-18 10:06:16,656 [,] [restartedMain] INFO  o.s.c.n.e.s.EurekaAutoServiceRegistration - Updating port to 6059
2026-05-18 10:06:16,698 [,] [restartedMain] INFO  t.d.DiscoveryServerApplication - Started DiscoveryServerApplication in 4.875 seconds (process running for 5.362)
2026-05-18 10:06:18,486 [,] [http-nio-6059-exec-1] INFO  o.a.c.c.C.[Tomcat].[localhost].[/] - Initializing Spring DispatcherServlet 'dispatcherServlet'
2026-05-18 10:06:18,488 [,] [http-nio-6059-exec-1] INFO  o.s.web.servlet.DispatcherServlet - Initializing Servlet 'dispatcherServlet'
2026-05-18 10:06:18,489 [,] [http-nio-6059-exec-1] INFO  o.s.web.servlet.DispatcherServlet - Completed initialization in 1 ms
2026-05-18 10:06:18,873 [,] [http-nio-6059-exec-3] INFO  c.n.e.r.AbstractInstanceRegistry - Registered instance NOTIFICATION-SERVICE/LAPTOP-U7LUUEEE.mshome.net:notification-service:6068 with status UP (replication=false)
2026-05-18 10:06:20,891 [,] [http-nio-6059-exec-4] INFO  c.n.e.r.AbstractInstanceRegistry - Registered instance USER-SERVICE/LAPTOP-U7LUUEEE.mshome.net:user-service:6063 with status UP (replication=false)
2026-05-18 10:06:24,618 [,] [http-nio-6059-exec-6] INFO  c.n.e.r.AbstractInstanceRegistry - Registered instance PRODUCT-SERVICE/LAPTOP-U7LUUEEE.mshome.net:product-service:6067 with status UP (replication=false)
2026-05-18 10:06:39,790 [,] [http-nio-6059-exec-7] WARN  c.n.e.r.AbstractInstanceRegistry - DS: Registry: lease doesn't exist, registering resource: API-GATEWAY - LAPTOP-U7LUUEEE.mshome.net:api-gateway:6060
2026-05-18 10:06:39,790 [,] [http-nio-6059-exec-7] WARN  c.n.e.resources.InstanceResource - Not Found (Renew): API-GATEWAY - LAPTOP-U7LUUEEE.mshome.net:api-gateway:6060
2026-05-18 10:06:39,828 [,] [http-nio-6059-exec-9] INFO  c.n.e.r.AbstractInstanceRegistry - Registered instance API-GATEWAY/LAPTOP-U7LUUEEE.mshome.net:api-gateway:6060 with status UP (replication=false)
2026-05-18 10:06:39,870 [,] [http-nio-6059-exec-10] INFO  c.n.e.r.AbstractInstanceRegistry - Registered instance API-GATEWAY/LAPTOP-U7LUUEEE.mshome.net:api-gateway:6060 with status UP (replication=false)
2026-05-18 10:06:44,000 [,] [http-nio-6059-exec-3] WARN  c.n.e.r.AbstractInstanceRegistry - DS: Registry: lease doesn't exist, registering resource: ORDER-SERVICE - LAPTOP-U7LUUEEE.mshome.net:order-service:6065
2026-05-18 10:06:44,000 [,] [http-nio-6059-exec-3] WARN  c.n.e.resources.InstanceResource - Not Found (Renew): ORDER-SERVICE - LAPTOP-U7LUUEEE.mshome.net:order-service:6065
2026-05-18 10:06:44,030 [,] [http-nio-6059-exec-2] INFO  c.n.e.r.AbstractInstanceRegistry - Registered instance ORDER-SERVICE/LAPTOP-U7LUUEEE.mshome.net:order-service:6065 with status UP (replication=false)
2026-05-18 10:06:46,281 [,] [http-nio-6059-exec-4] WARN  c.n.e.r.AbstractInstanceRegistry - DS: Registry: lease doesn't exist, registering resource: IDENTITY-SERVICE - LAPTOP-U7LUUEEE.mshome.net:identity-service:6062
2026-05-18 10:06:46,281 [,] [http-nio-6059-exec-4] WARN  c.n.e.resources.InstanceResource - Not Found (Renew): IDENTITY-SERVICE - LAPTOP-U7LUUEEE.mshome.net:identity-service:6062
2026-05-18 10:06:46,313 [,] [http-nio-6059-exec-6] INFO  c.n.e.r.AbstractInstanceRegistry - Registered instance IDENTITY-SERVICE/LAPTOP-U7LUUEEE.mshome.net:identity-service:6062 with status UP (replication=false)
2026-05-18 10:07:16,656 [,] [Eureka-EvictionTimer] INFO  c.n.e.r.AbstractInstanceRegistry - Running the evict task with compensationTime 0ms
2026-05-18 10:08:16,658 [,] [Eureka-EvictionTimer] INFO  c.n.e.r.AbstractInstanceRegistry - Running the evict task with compensationTime 2ms
2026-05-18 10:09:16,665 [,] [Eureka-EvictionTimer] INFO  c.n.e.r.AbstractInstanceRegistry - Running the evict task with compensationTime 7ms
2026-05-18 10:10:16,672 [,] [Eureka-EvictionTimer] INFO  c.n.e.r.AbstractInstanceRegistry - Running the evict task with compensationTime 7ms
2026-05-18 10:11:16,680 [,] [Eureka-EvictionTimer] INFO  c.n.e.r.AbstractInstanceRegistry - Running the evict task with compensationTime 7ms
2026-05-18 10:12:16,684 [,] [Eureka-EvictionTimer] INFO  c.n.e.r.AbstractInstanceRegistry - Running the evict task with compensationTime 4ms
2026-05-18 10:13:16,689 [,] [Eureka-EvictionTimer] INFO  c.n.e.r.AbstractInstanceRegistry - Running the evict task with compensationTime 4ms
2026-05-18 10:14:16,691 [,] [Eureka-EvictionTimer] INFO  c.n.e.r.AbstractInstanceRegistry - Running the evict task with compensationTime 2ms
2026-05-18 10:15:16,703 [,] [Eureka-EvictionTimer] INFO  c.n.e.r.AbstractInstanceRegistry - Running the evict task with compensationTime 11ms
